order_id,customer_id,order_date,ship_date,product_category,quantity,unit_price,payment_status,delivery_city
10001,1102,2023-05-29,2023-01-22,Clothing,4,903.31,FAILED,Bangalore
10002,1179,2023-09-24,2023-03-24,Electronics,11,4368.35,PAID,Chennai
10003,1092,2023-10-23,2023-03-11,,2,3084.93,PAID,Delhi
10004,1014,2023-01-11,2023-05-12,Electronics,9,828.16,PAID,Bangalore
10005,1106,2023-06-13,2023-03-29,Furniture,14,4813.57,,Delhi
10006,1071,2023-04-23,2023-08-07,Clothing,10,2615.91,PAID,Delhi
10007,1188,2023-07-06,2023-11-02,Grocery,-1,410.85,PAID,Bangalore
10008,1020,2023-10-22,2023-12-12,Electronics,10,3152.82,PENDING,Bangalore
10009,1102,2023-08-20,2023-12-08,Clothing,4,1303.33,,Bangalore
10010,1121,2023-08-15,2023-06-11,Grocery,7,4028.28,FAILED,Delhi
10011,1074,2023-11-06,2023-06-28,,3,4098.22,,Delhi
10012,1087,2023-04-08,2023-04-28,Clothing,0,4895.79,PAID,Mumbai
10013,1116,2023-02-24,2023-07-16,,0,2534.25,PAID,Mumbai
10014,1099,2023-04-21,2023-11-24,Electronics,8,2302.04,PENDING,Delhi
10015,1103,2023-06-01,2023-03-28,Furniture,2,3779.7,FAILED,Mumbai
10016,1151,2023-09-03,2023-10-17,Clothing,12,705.73,PAID,Mumbai
10017,1130,2023-03-10,2023-03-23,Furniture,13,2757.23,PAID,Hyderabad
10018,1149,2023-11-08,2023-06-02,Electronics,6,2753.93,PENDING,Mumbai
10019,1052,2023-10-16,2023-03-03,Clothing,1,492.89,PAID,Chennai
10020,1001,2023-09-07,2023-03-03,Grocery,12,2119.02,PAID,Delhi
10021,1087,2023-02-05,2023-12-21,Furniture,9,4273.76,PAID,Hyderabad
10022,1157,2023-08-27,2023-01-29,Grocery,0,4287.96,PAID,Bangalore
10023,1037,2023-05-28,2023-02-13,Furniture,11,541.23,PENDING,Delhi
10024,1129,2023-08-15,2023-06-19,Electronics,14,499.07,PAID,Bangalore
10025,1191,2023-09-01,2023-03-28,Furniture,3,1350.34,PENDING,Delhi
10026,1187,2023-12-03,2023-06-27,Furniture,1,4380.09,PAID,Bangalore
10027,1020,2023-12-31,2023-01-18,Furniture,4,688.07,PAID,Mumbai
10028,1160,2023-07-20,2023-04-09,Clothing,14,3613.98,PENDING,
10029,1057,2023-06-03,2023-07-18,Grocery,13,550.77,PAID,Delhi
10030,1021,2023-03-14,2023-04-09,,12,3134.53,PAID,Delhi
10031,1088,2023-07-20,2023-03-07,Electronics,5,1812.53,PAID,Chennai
10032,1048,2023-10-23,2023-11-27,Clothing,5,3955.12,PAID,Delhi
10033,1058,2023-01-17,2023-12-08,Clothing,13,1206.77,PAID,Hyderabad
10034,1169,2023-05-09,2023-01-06,Furniture,7,3214.05,FAILED,Bangalore
10035,1187,2023-08-05,2023-01-03,Electronics,14,1216.63,PENDING,Chennai
10036,1014,2023-03-02,2023-01-23,Clothing,10,3582.62,PENDING,Mumbai
10037,1189,2023-04-14,2023-04-23,Furniture,10,4374.71,PAID,Hyderabad
10038,1189,2023-02-11,2023-02-27,Electronics,4,677.67,PAID,Chennai
10039,1174,2023-01-25,2023-03-08,,7,4339.65,PAID,Mumbai
10040,1189,2023-02-08,2023-11-27,Electronics,-1,2988.2,PAID,Mumbai
10041,1050,2023-10-18,2023-04-09,Grocery,1,679.2,PAID,Delhi
10042,1107,2023-05-11,2023-05-25,Electronics,3,2166.33,PAID,
10043,1054,2023-08-17,2024-01-04,Electronics,3,846.26,,Delhi
10044,1063,2023-04-18,2023-05-06,,14,3516.72,PAID,Bangalore
10045,1130,2023-06-21,2023-06-17,Grocery,11,3806.4,PAID,Mumbai
10046,1050,2023-04-12,2023-03-28,Grocery,8,573.69,PENDING,Delhi
10047,1134,2023-12-20,2023-03-18,Electronics,-1,2555.39,PAID,Bangalore
10048,1020,2023-01-12,2023-12-11,Clothing,0,4082.39,FAILED,
10049,1072,2023-10-02,2023-10-22,Clothing,8,4684.01,PENDING,Bangalore
10050,1166,2023-04-11,2023-03-01,Grocery,3,2591.91,,Hyderabad
10051,1017,2023-02-13,2023-05-19,Grocery,11,4753.88,PAID,Bangalore
10052,1131,2023-11-01,2023-04-10,Furniture,13,2701.66,PENDING,Mumbai
10053,1088,2023-01-17,2023-07-12,Grocery,4,2001.24,PAID,Delhi
10054,1059,2023-11-26,2023-09-01,Grocery,5,4248.61,PENDING,Bangalore
10055,1013,2023-02-26,2023-11-16,Grocery,13,2490.26,PAID,
10056,1008,2023-11-07,2023-02-19,Furniture,4,2385.92,PAID,Hyderabad
10057,1089,2023-10-30,2023-02-02,Grocery,6,2477.05,PAID,Mumbai
10058,1052,2023-01-12,2023-10-05,Clothing,10,4241.59,PAID,Mumbai
10059,1129,2023-11-14,2023-01-21,Grocery,-2,4168.11,FAILED,Mumbai
10060,1083,2023-03-21,2023-06-04,,5,2047.42,PENDING,
10061,1091,2023-08-04,2023-03-10,Grocery,1,1699.83,PENDING,Hyderabad
10062,1110,2023-12-05,2024-01-02,Furniture,0,2485.04,PAID,Chennai
10063,1187,2023-09-21,2023-08-03,Grocery,0,2885.22,PENDING,Delhi
10064,1198,2023-05-29,2023-05-24,Electronics,10,1229.77,PAID,Bangalore
10065,1171,2023-03-22,2023-08-21,Furniture,5,3980.08,FAILED,Bangalore
10066,1007,2023-08-03,2023-08-02,Grocery,4,2458.09,,Delhi
10067,1174,2023-07-17,2023-03-21,Furniture,-2,1703.53,PAID,Bangalore
10068,1034,2023-07-19,2023-08-03,,13,578.76,FAILED,Mumbai
10069,1080,2023-01-25,2023-04-27,Furniture,3,1232.28,PAID,Mumbai
10070,1163,2023-03-30,2023-04-03,Electronics,4,4748.94,PAID,Hyderabad
10071,1049,2023-09-25,2023-09-28,Furniture,9,1560.24,PAID,Chennai
10072,1103,2023-05-23,2023-06-18,Grocery,6,885.85,PAID,Delhi
10073,1131,2023-02-28,2023-02-28,Furniture,8,2330.33,PENDING,Bangalore
10074,1001,2023-12-31,2023-10-12,Clothing,7,1570.08,PAID,Delhi
10075,1133,2023-01-26,2023-01-27,Furniture,-2,224.04,PAID,Chennai
10076,1053,2023-02-16,2024-01-05,Grocery,1,1649.57,PAID,Chennai
10077,1105,2023-10-15,2023-03-08,Clothing,2,2743.34,PENDING,Chennai
10078,1003,2023-09-23,2023-09-06,Electronics,6,2780.98,,Chennai
10079,1053,2023-01-16,2023-09-12,Furniture,14,1814.97,PENDING,Mumbai
10080,1190,2023-07-18,2023-02-14,Grocery,0,2264.15,PENDING,Delhi
10081,1145,2023-10-09,2023-04-08,Clothing,13,4829.31,PAID,Bangalore
10082,1043,2023-03-27,2023-02-12,Furniture,2,1917.87,PAID,Delhi
10083,1161,2023-09-07,2023-08-16,Clothing,13,1328.22,PAID,Chennai
10084,1189,2023-09-27,2023-09-20,Electronics,0,1255.16,PAID,Delhi
10085,1013,2023-12-01,2023-06-17,Clothing,12,2315.93,PENDING,Mumbai
10086,1094,2023-04-27,2023-10-07,Grocery,0,3809.62,PAID,Delhi
10087,1047,2023-01-07,2023-03-31,Grocery,11,1069.64,PENDING,
10088,1014,2023-05-17,2023-06-28,Electronics,13,3561.02,PAID,Mumbai
10089,1199,2023-06-25,2023-07-17,Electronics,14,154.69,PAID,Bangalore
10090,1189,2023-11-24,2023-11-04,Grocery,11,2123.72,PAID,Delhi
10091,1039,2023-11-11,2023-09-25,Furniture,12,3890.53,FAILED,Mumbai
10092,1081,2023-08-03,2023-09-26,Electronics,12,1726.73,PENDING,Bangalore
10093,1110,2023-03-23,2023-03-16,Grocery,3,2840.5,FAILED,Chennai
10094,1052,2023-08-11,2023-01-09,,12,1064.65,PAID,Bangalore
10095,1023,2023-04-13,2023-10-25,Electronics,1,3722.88,,Hyderabad
10096,1153,2023-09-30,2023-06-14,Clothing,5,308.78,PAID,Delhi
10097,1187,2023-01-14,2023-03-27,Furniture,12,4270.09,PAID,Mumbai
10098,1123,2023-06-08,2023-03-14,,0,1031.07,,
10099,1040,2023-06-01,2023-02-25,Furniture,12,4378.27,PAID,Delhi
10100,1156,2023-04-18,2023-02-17,Furniture,10,1795.02,PENDING,Bangalore
10101,1014,2023-07-07,2023-08-27,Furniture,6,3627.28,PAID,Chennai
10102,1044,2023-10-28,2023-04-15,Grocery,-1,1630.17,PAID,Delhi
10103,1064,2023-04-08,2023-07-30,Furniture,5,4534.26,,Chennai
10104,1088,2023-05-11,2023-02-12,Electronics,14,676.85,PAID,Mumbai
10105,1070,2023-10-20,2023-11-13,,10,933.67,PENDING,Delhi
10106,1008,2023-06-20,2023-09-26,Grocery,-2,2490.5,PAID,Mumbai
10107,1087,2023-07-02,2023-09-21,Clothing,-1,455.6,PENDING,Hyderabad
10108,1128,2023-12-30,2023-12-03,Grocery,12,1020.1,PAID,Mumbai
10109,1135,2023-02-08,2024-01-01,Furniture,9,4721.64,PAID,Chennai
10110,1062,2023-01-15,2023-09-17,Electronics,11,4883.62,PAID,
10111,1138,2023-01-04,2023-10-11,Furniture,-1,1912.48,PAID,Bangalore
10112,1080,2023-12-15,2023-04-25,Furniture,4,4620.27,,Bangalore
10113,1135,2023-07-29,2023-12-30,Electronics,3,2746.88,PAID,Bangalore
10114,1162,2023-06-10,2023-02-10,Furniture,11,1385.23,PAID,Delhi
10115,1162,2023-01-16,2023-08-09,Furniture,5,3526.87,PAID,Bangalore
10116,1032,2023-04-18,2023-05-10,Clothing,-1,3311.56,PAID,Bangalore
10117,1122,2023-11-07,2023-01-09,Grocery,14,4946.17,PENDING,
10118,1004,2023-08-15,2023-04-12,Grocery,2,1361.98,,
10119,1040,2023-06-19,2023-06-26,Electronics,11,3376.69,PAID,Hyderabad
10120,1027,2023-02-03,2023-04-18,Grocery,0,307.52,FAILED,Hyderabad
10121,1134,2023-09-08,2023-04-12,,2,612.55,PAID,Bangalore
10122,1071,2023-09-04,2023-09-18,Electronics,13,69.4,PAID,Chennai
10123,1011,2023-09-26,2024-01-02,Furniture,14,4997.33,PENDING,Hyderabad
10124,1161,2023-05-21,2023-09-04,Grocery,8,4021.25,PAID,Delhi
10125,1032,2023-10-01,2023-10-03,Clothing,14,3944.28,PENDING,
10126,1047,2023-04-06,2023-02-02,Furniture,13,2573.14,FAILED,Delhi
10127,1150,2023-08-15,2023-05-18,Furniture,-1,1535.33,PAID,Bangalore
10128,1061,2023-02-08,2023-01-13,Grocery,1,798.76,,Chennai
10129,1036,2023-10-29,2023-10-30,Grocery,4,1459.14,PENDING,
10130,1098,2023-01-29,2023-01-17,Grocery,-1,1911.06,PAID,Mumbai
10131,1171,2023-11-14,2023-05-10,Electronics,3,3793.73,PENDING,Chennai
10132,1103,2023-09-02,2023-03-05,Grocery,14,2721.33,PAID,Bangalore
10133,1034,2023-08-24,2023-04-20,Grocery,4,433.54,,Delhi
10134,1192,2023-07-04,2023-01-22,Grocery,2,139.24,PENDING,Chennai
10135,1100,2023-09-29,2023-06-08,Furniture,2,556.54,PAID,Bangalore
10136,1174,2023-08-24,2023-09-27,Grocery,13,2081.97,PAID,Chennai
10137,1130,2023-08-27,2023-06-12,Grocery,6,4669.3,PENDING,Delhi
10138,1000,2023-09-23,2023-09-18,Grocery,2,3205.14,PAID,Bangalore
10139,1004,2023-12-25,2023-04-13,Furniture,5,4019.04,PAID,Bangalore
10140,1141,2023-12-06,2023-08-12,Furniture,6,2358.55,PAID,Delhi
10141,1102,2023-03-06,2023-03-01,Clothing,2,1840.25,PAID,Mumbai
10142,1026,2023-06-26,2023-09-05,Furniture,7,586.58,PAID,
10143,1136,2023-01-03,2023-05-09,Grocery,-1,4385.87,PAID,Bangalore
10144,1014,2023-05-22,2023-10-11,Clothing,6,3926.64,PAID,Chennai
10145,1089,2023-06-07,2023-11-22,Grocery,8,882.18,PENDING,Delhi
10146,1041,2023-11-20,2023-01-26,Grocery,1,2585.69,PAID,Delhi
10147,1123,2023-05-26,2023-05-12,Furniture,-1,2462.51,PAID,Delhi
10148,1178,2023-10-20,2023-12-20,Furniture,3,3144.2,PAID,Delhi
10149,1062,2023-06-02,2023-07-16,Electronics,11,4733.63,PAID,Bangalore
10150,1095,2023-07-12,2023-10-09,Clothing,-2,2919.87,PAID,Bangalore
10151,1051,2023-03-14,2023-06-04,Clothing,4,2724.08,PAID,Bangalore
10152,1095,2023-11-01,2023-05-14,Electronics,-2,299.1,PAID,Mumbai
10153,1131,2023-12-10,2023-08-16,Electronics,-2,361.39,FAILED,Bangalore
10154,1150,2023-05-20,2023-07-09,Grocery,-2,977.37,PENDING,Mumbai
10155,1142,2023-07-06,2023-09-23,Electronics,1,210.73,PENDING,Mumbai
10156,1170,2023-10-20,2023-05-15,Electronics,1,3729.6,PENDING,
10157,1028,2023-03-02,2023-07-31,Grocery,8,3630.49,PENDING,Bangalore
10158,1035,2023-07-17,2023-03-02,Grocery,-2,723.48,PAID,Chennai
10159,1012,2023-10-22,2023-12-31,Furniture,7,4188.59,PENDING,Delhi
10160,1159,2023-11-15,2023-12-31,Clothing,6,816.19,PAID,
10161,1070,2023-10-29,2023-08-02,,1,1540.82,PENDING,Bangalore
10162,1186,2023-12-10,2023-08-05,Grocery,3,1282.44,PENDING,Chennai
10163,1085,2023-01-11,2023-08-15,Furniture,13,1892.92,PAID,Delhi
10164,1027,2023-03-03,2023-05-12,Furniture,-1,1310.59,PAID,
10165,1065,2023-11-29,2023-03-18,Clothing,7,2470.31,PAID,Hyderabad
10166,1169,2023-08-14,2023-10-14,Grocery,14,2066.67,PENDING,Hyderabad
10167,1044,2023-06-02,2023-10-05,Furniture,10,4933.52,PENDING,Mumbai
10168,1061,2023-07-18,2023-06-06,Electronics,10,326.84,FAILED,Delhi
10169,1184,2023-02-21,2023-09-06,Grocery,14,753.8,PAID,Delhi
10170,1133,2023-09-17,2023-08-07,Clothing,2,311.49,PENDING,Delhi
10171,1027,2023-02-28,2023-07-10,Clothing,8,3147.91,PAID,Hyderabad
10172,1027,2023-03-13,2023-06-13,Electronics,4,319.82,FAILED,Mumbai
10173,1107,2023-05-28,2023-06-30,,7,4190.38,PAID,Mumbai
10174,1043,2023-12-15,2023-02-04,Clothing,14,2584.1,PAID,Delhi
10175,1083,2023-03-04,2023-02-11,Grocery,12,2658.69,PAID,Mumbai
10176,1029,2023-11-06,2023-11-04,,-1,2829.89,PENDING,Mumbai
10177,1189,2023-08-31,2023-12-05,Grocery,1,895.53,,Chennai
10178,1074,2023-11-26,2023-11-11,,0,1028.57,PAID,Bangalore
10179,1127,2023-04-17,2023-03-17,Clothing,4,1628.15,PAID,Mumbai
10180,1091,2023-08-14,2023-10-07,Electronics,7,2987.81,,Delhi
10181,1189,2023-11-09,2023-06-26,Furniture,4,1090.08,PAID,Delhi
10182,1128,2023-08-06,2023-05-31,Clothing,5,625.84,PENDING,Mumbai
10183,1120,2023-08-29,2023-10-01,Furniture,3,4852.08,PAID,Chennai
10184,1026,2023-09-16,2023-11-22,,-2,158.81,PAID,Chennai
10185,1189,2023-09-19,2023-04-19,Furniture,1,4023.35,PENDING,Chennai
10186,1120,2023-01-05,2023-05-20,Clothing,11,3950.77,PENDING,Chennai
10187,1115,2023-09-18,2023-12-17,Furniture,14,1521.21,PAID,Mumbai
10188,1002,2023-02-23,2023-09-29,Clothing,8,721.35,PAID,
10189,1102,2023-02-16,2023-12-14,Grocery,11,770.86,FAILED,Hyderabad
10190,1197,2023-08-03,2023-10-17,Furniture,6,3502.29,PAID,
10191,1199,2023-06-26,2023-08-01,Electronics,12,3231.89,FAILED,Mumbai
10192,1154,2023-01-09,2023-09-30,Furniture,9,3924.59,PAID,
10193,1136,2023-04-09,2023-03-08,Furniture,7,4690.53,PAID,Hyderabad
10194,1061,2023-01-20,2023-09-06,Furniture,3,3475.04,,Hyderabad
10195,1164,2023-08-29,2023-06-06,Clothing,3,821.47,PENDING,Mumbai
10196,1050,2023-03-02,2023-02-17,Furniture,5,1255.04,PAID,Chennai
10197,1171,2023-06-27,2023-07-21,Grocery,-2,4218.86,PENDING,
10198,1151,2023-12-04,2023-05-29,Furniture,14,1086.07,PAID,Chennai
10199,1058,2023-03-03,2023-05-05,Electronics,14,408.99,PAID,Bangalore
10200,1117,2023-05-25,2023-01-02,Electronics,12,3531.24,,
10201,1159,2023-08-04,2023-09-05,Grocery,4,2042.51,PENDING,Delhi
10202,1095,2023-01-03,2023-12-10,Clothing,0,4604.2,PENDING,Bangalore
10203,1179,2023-06-09,2023-05-09,Clothing,8,3268.76,PAID,Bangalore
10204,1112,2023-08-15,2023-07-11,Furniture,6,497.57,PAID,
10205,1061,2023-09-26,2023-03-09,Grocery,7,4741.89,PAID,Mumbai
10206,1185,2023-04-30,2023-01-05,Grocery,-1,1329.86,PAID,Bangalore
10207,1051,2023-03-30,2023-10-31,Electronics,-2,1719.2,PENDING,Chennai
10208,1011,2023-11-25,2023-10-22,Grocery,13,2041.19,PAID,Chennai
10209,1038,2023-03-09,2023-05-24,Clothing,14,303.56,FAILED,Bangalore
10210,1129,2023-12-23,2023-07-11,Electronics,3,2507.75,PAID,
10211,1130,2023-04-08,2023-01-22,Grocery,11,660.43,PAID,
10212,1112,2023-09-24,2023-08-16,Electronics,12,2034.8,PAID,Mumbai
10213,1100,2023-04-15,2023-11-10,Electronics,11,1786.01,PAID,Delhi
10214,1112,2023-11-19,2023-04-28,Grocery,0,3875.56,PAID,Mumbai
10215,1183,2023-05-03,2023-10-30,Electronics,9,4025.69,,Delhi
10216,1080,2023-01-29,2023-05-23,Furniture,-1,809.39,PAID,Bangalore
10217,1186,2023-05-17,2023-02-09,Furniture,0,1864.43,,
10218,1112,2023-07-14,2023-12-22,Clothing,-2,1898.1,PAID,Hyderabad
10219,1001,2023-08-14,2023-09-10,,3,799.48,,Mumbai
10220,1129,2023-11-28,2023-11-30,Grocery,2,4002.34,PAID,Mumbai
10221,1053,2023-06-19,2023-07-27,Clothing,-2,3550.78,,Bangalore
10222,1086,2023-01-09,2023-07-30,,-2,992.39,PAID,Bangalore
10223,1128,2023-02-09,2023-04-26,Electronics,13,1865.27,PENDING,Delhi
10224,1146,2023-01-25,2023-08-14,,9,573.73,,Hyderabad
10225,1125,2023-09-18,2023-05-15,Electronics,5,3159.62,PAID,
10226,1129,2023-08-14,2023-09-09,Grocery,13,650.79,PAID,Delhi
10227,1052,2023-05-04,2023-08-08,Electronics,-2,4930.37,PAID,Hyderabad
10228,1171,2023-02-07,2023-04-02,Furniture,1,3914.38,,Delhi
10229,1159,2023-11-24,2023-12-21,Clothing,7,1981.68,PAID,Chennai
10230,1197,2023-09-08,2023-02-16,Furniture,8,2913.89,PAID,Bangalore
10231,1159,2023-06-25,2023-02-08,Grocery,14,4561.14,PAID,Mumbai
10232,1067,2023-03-31,2023-05-23,Grocery,4,2792.79,PAID,
10233,1182,2023-02-06,2023-04-11,Electronics,9,913.77,FAILED,Bangalore
10234,1183,2023-11-12,2023-11-25,Grocery,4,1924.58,PAID,Chennai
10235,1122,2023-06-25,2023-07-10,,9,4223.57,PENDING,Delhi
10236,1144,2023-10-11,2023-02-05,Grocery,12,3238.85,,Mumbai
10237,1037,2023-03-22,2023-05-28,Furniture,-1,3271.09,PAID,Mumbai
10238,1023,2023-04-24,2023-01-31,Furniture,11,4340.77,PENDING,Bangalore
10239,1068,2023-02-09,2023-12-01,Grocery,10,4475.17,PAID,Chennai
10240,1115,2023-10-28,2023-03-26,Clothing,1,4602.97,PENDING,Delhi
10241,1097,2023-08-12,2024-01-05,Electronics,11,519.5,PAID,Chennai
10242,1197,2023-11-14,2023-10-09,Electronics,11,2743.42,PENDING,Chennai
10243,1138,2023-12-15,2023-12-11,Electronics,13,3715.52,PAID,Chennai
10244,1143,2023-04-25,2023-09-28,Clothing,4,3796.79,PAID,Bangalore
10245,1096,2023-07-05,2023-06-04,Grocery,-1,3053.25,PAID,
10246,1123,2023-11-19,2023-04-13,Clothing,7,875.6,PAID,Bangalore
10247,1186,2023-02-25,2023-08-04,Clothing,14,3997.23,PENDING,Bangalore
10248,1069,2023-02-09,2023-05-31,Grocery,2,3614.55,PAID,Mumbai
10249,1092,2023-12-20,2023-03-25,Clothing,9,476.37,PENDING,Delhi
10250,1002,2023-02-09,2023-04-21,Furniture,3,2345.86,PAID,Mumbai
10251,1147,2023-12-13,2023-10-03,Electronics,6,911.19,PENDING,Bangalore
10252,1186,2023-08-25,2023-07-21,Electronics,-2,1720.51,PAID,Mumbai
10253,1163,2023-10-16,2023-10-12,Furniture,12,139.5,PAID,Delhi
10254,1146,2023-09-19,2023-06-23,Grocery,3,2031.63,PAID,Chennai
10255,1089,2023-08-04,2023-11-24,Clothing,3,2771.89,PENDING,Delhi
10256,1194,2023-05-27,2023-07-26,Grocery,10,3116.93,PAID,Mumbai
10257,1146,2023-12-02,2023-03-05,Grocery,-2,3334.28,FAILED,Mumbai
10258,1147,2023-06-17,2023-03-15,Electronics,10,4189.64,FAILED,Chennai
10259,1095,2023-04-02,2023-09-09,Grocery,4,1116.54,PAID,Mumbai
10260,1198,2023-12-19,2023-05-05,Clothing,12,646.39,PENDING,Bangalore
10261,1051,2023-02-28,2023-05-02,Grocery,9,4265.11,PAID,Bangalore
10262,1160,2023-02-28,2023-10-03,Furniture,-2,825.23,PAID,Chennai
10263,1167,2023-10-31,2023-05-01,Furniture,12,4875.06,PENDING,Bangalore
10264,1127,2023-06-18,2023-11-14,Clothing,1,4220.56,PENDING,Hyderabad
10265,1038,2023-09-26,2023-06-14,Furniture,10,2529.34,PENDING,Mumbai
10266,1081,2023-12-29,2023-10-14,Grocery,2,4908.04,PAID,Delhi
10267,1103,2023-02-14,2023-09-23,Grocery,-1,532.01,PAID,Delhi
10268,1128,2023-12-11,2023-11-17,Furniture,-2,1550.18,PAID,Mumbai
10269,1010,2023-06-30,2023-06-11,Grocery,13,3209.21,PENDING,Delhi
10270,1184,2023-06-19,2023-11-05,Clothing,3,1782.53,PAID,Delhi
10271,1177,2023-12-22,2023-03-31,Electronics,13,4645.44,PENDING,Bangalore
10272,1150,2023-07-10,2023-05-23,Clothing,11,374.85,PAID,Chennai
10273,1158,2023-06-04,2023-07-23,Furniture,0,2769.59,PAID,Delhi
10274,1041,2023-07-07,2023-11-06,Furniture,12,2974.79,PAID,Chennai
10275,1098,2023-01-07,2023-08-16,Furniture,0,3281.0,PAID,Delhi
10276,1006,2023-05-13,2023-12-01,Furniture,-1,1315.55,PAID,Delhi
10277,1143,2023-08-23,2023-08-11,Clothing,-2,1854.6,FAILED,Bangalore
10278,1089,2023-02-14,2023-02-11,Clothing,6,4226.22,FAILED,Mumbai
10279,1111,2023-11-10,2023-07-16,Electronics,6,1014.97,PAID,Mumbai
10280,1059,2023-09-06,2023-03-10,Grocery,4,4143.0,PAID,Delhi
10281,1112,2023-01-31,2023-09-22,Grocery,0,2835.14,PAID,
10282,1001,2023-01-23,2023-01-03,,8,3822.83,FAILED,Chennai
10283,1128,2023-06-09,2023-12-28,Grocery,4,3582.36,PAID,Mumbai
10284,1047,2023-12-29,2023-05-06,Clothing,6,1077.18,,Hyderabad
10285,1139,2023-06-07,2023-04-21,Clothing,-2,2865.62,PAID,Chennai
10286,1196,2023-02-08,2023-03-28,Clothing,11,4345.23,PAID,Bangalore
10287,1036,2023-03-23,2023-05-01,Furniture,3,2188.98,,Hyderabad
10288,1159,2023-12-22,2023-05-08,Electronics,4,4834.62,PAID,Delhi
10289,1008,2023-09-15,2023-09-13,Clothing,7,2288.46,PAID,Mumbai
10290,1098,2023-07-25,2023-07-03,Furniture,4,756.79,PAID,Bangalore
10291,1146,2023-03-18,2023-01-17,Grocery,-1,1977.7,PAID,Bangalore
10292,1047,2023-01-12,2023-03-04,Grocery,1,4760.93,PAID,Bangalore
10293,1130,2023-10-22,2024-01-05,Clothing,14,1632.62,PENDING,Bangalore
10294,1147,2023-08-12,2023-06-08,Furniture,-2,4347.09,PENDING,
10295,1151,2023-01-13,2023-09-26,Electronics,7,4412.19,PAID,
10296,1053,2023-02-15,2023-02-05,Furniture,12,1783.42,,Hyderabad
10297,1119,2023-06-04,2023-09-25,Furniture,7,462.13,PAID,Hyderabad
10298,1160,2023-04-23,2023-03-06,Grocery,9,3636.56,PAID,
10299,1151,2023-08-21,2023-02-20,,13,1591.99,PAID,Mumbai
10300,1115,2023-01-17,2023-09-13,Furniture,6,3925.47,PAID,Delhi
10301,1074,2023-12-26,2023-05-30,Furniture,12,2241.14,PAID,Bangalore
10302,1112,2023-08-11,2023-11-22,Furniture,14,2452.07,,Hyderabad
10303,1199,2023-12-20,2023-11-01,Electronics,11,3900.65,PAID,Bangalore
10304,1163,2023-07-07,2023-10-04,Electronics,-1,1942.7,PAID,Chennai
10305,1165,2023-12-10,2023-12-24,Grocery,1,2243.48,PAID,Mumbai
10306,1103,2023-12-31,2023-06-22,Grocery,4,1912.14,PENDING,Delhi
10307,1083,2023-06-12,2023-07-21,Grocery,10,1868.34,FAILED,Chennai
10308,1111,2023-11-22,2023-11-21,Furniture,12,2653.44,PAID,Mumbai
10309,1098,2023-03-15,2023-02-05,Furniture,-2,4053.56,PAID,Delhi
10310,1152,2023-08-21,2023-08-05,Clothing,8,1840.75,PAID,Delhi
10311,1092,2023-08-12,2023-03-07,Furniture,7,2645.06,PAID,Delhi
10312,1145,2023-11-15,2023-01-09,Furniture,2,3370.1,PAID,Chennai
10313,1127,2023-03-01,2023-10-29,Grocery,13,1383.73,PAID,Delhi
10314,1109,2023-12-01,2023-12-10,Electronics,8,1423.74,PAID,Bangalore
10315,1081,2023-08-10,2023-11-29,Clothing,3,4670.39,PAID,Mumbai
10316,1193,2023-02-06,2023-03-18,Furniture,6,3631.5,PAID,Hyderabad
10317,1053,2023-10-05,2023-06-24,Grocery,10,2907.07,,Delhi
10318,1162,2023-07-15,2023-02-17,Clothing,5,3256.21,,Bangalore
10319,1188,2023-12-18,2023-01-16,Electronics,11,195.03,PAID,Chennai
10320,1168,2023-08-30,2023-12-28,Furniture,-2,3109.61,PAID,Mumbai
10321,1160,2023-11-20,2023-05-28,Furniture,14,2572.07,PAID,Hyderabad
10322,1067,2023-08-07,2023-01-27,Furniture,2,2751.46,PAID,Bangalore
10323,1032,2023-07-11,2023-11-05,,-1,1829.15,PENDING,Delhi
10324,1141,2023-01-17,2023-04-04,Furniture,6,453.3,PAID,Mumbai
10325,1020,2023-01-12,2023-08-21,,1,1007.03,FAILED,
10326,1047,2023-07-12,2023-01-22,,14,4756.19,,Chennai
10327,1147,2023-01-22,2023-11-04,Furniture,14,2073.06,PAID,Mumbai
10328,1127,2023-04-30,2023-02-08,Clothing,13,2360.08,PAID,Delhi
10329,1135,2023-07-29,2023-10-04,Electronics,5,310.91,PAID,Hyderabad
10330,1134,2023-11-02,2023-06-07,Grocery,8,235.95,PAID,Chennai
10331,1194,2023-09-27,2023-06-29,Clothing,7,3600.05,PAID,Chennai
10332,1144,2023-07-11,2023-05-13,Grocery,10,2713.57,PAID,Delhi
10333,1127,2023-06-24,2023-11-08,Grocery,14,2568.09,FAILED,Chennai
10334,1032,2023-10-12,2023-12-15,,7,1253.47,PAID,Delhi
10335,1175,2023-07-23,2023-01-29,Furniture,13,3736.52,PAID,Mumbai
10336,1186,2023-06-13,2023-09-18,Furniture,2,882.77,PENDING,Bangalore
10337,1114,2023-09-08,2023-03-18,Grocery,10,990.18,PENDING,
10338,1118,2023-08-15,2023-03-09,Electronics,14,2330.53,PAID,Delhi
10339,1021,2023-01-07,2023-12-09,Electronics,6,1467.09,FAILED,Bangalore
10340,1157,2023-01-29,2023-07-14,Grocery,11,1274.94,PAID,Chennai
10341,1037,2023-02-02,2023-06-12,Electronics,14,3243.93,PAID,Bangalore
10342,1108,2023-05-14,2023-12-14,Electronics,1,3272.31,PAID,Hyderabad
10343,1050,2023-03-20,2023-12-28,,12,4131.36,PAID,Chennai
10344,1181,2023-02-27,2023-09-15,Furniture,8,2117.66,FAILED,Mumbai
10345,1007,2023-01-26,2023-03-14,Grocery,9,411.77,PENDING,
10346,1026,2023-08-14,2023-03-29,Electronics,6,1404.65,FAILED,Chennai
10347,1026,2023-10-12,2023-09-20,Clothing,10,4901.03,PAID,Hyderabad
10348,1020,2023-01-04,2023-08-03,Electronics,12,3001.48,PAID,Chennai
10349,1029,2023-04-09,2023-06-03,,12,3563.2,PAID,Hyderabad
10350,1096,2023-02-08,2023-07-30,Grocery,2,86.42,PAID,Mumbai
10351,1027,2023-09-28,2023-03-03,Grocery,11,2615.12,PENDING,Delhi
10352,1110,2023-10-12,2023-09-26,Grocery,14,235.77,PENDING,Hyderabad
10353,1191,2023-06-06,2023-09-20,Electronics,0,2867.69,PAID,Mumbai
10354,1196,2023-03-16,2023-08-07,Clothing,-1,4607.82,PAID,Mumbai
10355,1060,2023-10-15,2023-10-11,Furniture,-2,4843.67,PAID,Chennai
10356,1047,2023-05-10,2023-05-17,Clothing,7,2725.74,PAID,Hyderabad
10357,1146,2023-06-24,2023-12-29,Electronics,14,2318.11,PAID,Mumbai
10358,1003,2023-03-25,2023-04-04,Clothing,9,4727.83,PAID,Hyderabad
10359,1034,2023-01-22,2023-04-20,Clothing,-2,3384.37,PAID,Chennai
10360,1191,2023-01-27,2023-08-30,Furniture,9,371.25,PAID,Bangalore
10361,1048,2023-07-14,2023-12-22,Grocery,14,2355.34,PAID,Hyderabad
10362,1016,2023-12-03,2023-05-23,Grocery,0,1239.21,PAID,Delhi
10363,1171,2023-08-24,2023-10-19,Clothing,8,2375.53,PENDING,Mumbai
10364,1157,2023-04-02,2023-08-26,Clothing,14,2304.55,PAID,Delhi
10365,1045,2023-01-21,2023-12-07,Grocery,0,2931.62,,Bangalore
10366,1116,2023-10-30,2023-11-09,Grocery,5,1816.01,PAID,Bangalore
10367,1005,2023-12-23,2023-06-27,Grocery,1,863.14,PAID,Hyderabad
10368,1098,2023-03-25,2023-05-22,Furniture,4,2543.41,PAID,Chennai
10369,1123,2023-09-19,2023-07-09,Grocery,11,4159.5,PAID,Bangalore
10370,1036,2023-05-27,2023-02-19,,11,3336.86,FAILED,Chennai
10371,1023,2023-09-14,2023-10-30,Clothing,1,1724.92,PAID,Mumbai
10372,1092,2023-02-27,2024-01-05,,13,4680.84,,Mumbai
10373,1045,2023-01-15,2023-07-10,Furniture,-2,4565.43,FAILED,Hyderabad
10374,1180,2023-06-11,2023-05-17,Grocery,14,1086.27,PAID,Mumbai
10375,1094,2023-06-12,2023-02-13,Furniture,7,245.12,PAID,Mumbai
10376,1098,2023-11-16,2023-12-20,Electronics,13,3719.48,PENDING,Chennai
10377,1187,2023-10-08,2023-04-01,,13,4146.67,PAID,Delhi
10378,1115,2023-10-07,2023-10-23,Clothing,5,4840.93,PENDING,Hyderabad
10379,1190,2023-01-12,2023-12-08,Electronics,4,4454.69,PAID,Delhi
10380,1159,2023-10-01,2023-09-03,Clothing,3,3022.65,PAID,Mumbai
10381,1160,2023-09-28,2023-07-12,,13,2673.76,PAID,Delhi
10382,1066,2023-07-27,2023-11-15,Electronics,13,187.81,PAID,Bangalore
10383,1127,2023-01-27,2023-04-17,Clothing,4,1270.95,FAILED,Delhi
10384,1017,2023-03-13,2023-12-30,Furniture,6,2325.09,PAID,Bangalore
10385,1024,2023-03-01,2023-11-07,Furniture,11,3161.09,FAILED,Hyderabad
10386,1053,2023-05-25,2023-08-22,Grocery,8,2808.4,PAID,
10387,1057,2023-04-03,2023-09-23,Electronics,11,3726.05,PAID,Delhi
10388,1066,2023-11-05,2023-12-11,Electronics,4,1434.85,PAID,Bangalore
10389,1103,2023-01-08,2023-02-07,Clothing,-2,2846.52,PAID,Bangalore
10390,1173,2023-03-20,2023-11-02,Grocery,10,486.3,PAID,
10391,1023,2023-01-27,2023-02-11,,0,2097.64,PAID,
10392,1113,2023-06-23,2023-01-18,Electronics,1,3763.3,FAILED,Mumbai
10393,1031,2023-02-19,2023-12-11,Clothing,8,3482.33,PAID,Chennai
10394,1174,2023-07-18,2023-10-05,Electronics,-1,4953.68,PAID,Delhi
10395,1085,2023-12-15,2023-11-04,Electronics,11,1425.56,FAILED,Mumbai
10396,1150,2023-06-30,2023-03-01,Grocery,9,2516.04,PENDING,Mumbai
10397,1193,2023-01-24,2023-07-03,Grocery,14,1681.18,PAID,Bangalore
10398,1126,2023-11-12,2023-02-11,Clothing,9,2230.99,PAID,Bangalore
10399,1154,2023-02-15,2023-02-09,,9,4291.9,FAILED,Mumbai
10400,1129,2023-01-15,2023-07-12,Clothing,-2,3436.83,PAID,Chennai
10401,1016,2023-06-02,2023-09-25,,10,4418.08,PAID,Delhi
10402,1103,2023-08-10,2023-05-28,Furniture,11,1057.38,PAID,Bangalore
10403,1160,2023-07-25,2023-11-30,Clothing,-1,4373.14,FAILED,Delhi
10404,1136,2023-09-30,2023-05-08,Furniture,9,345.82,PAID,Mumbai
10405,1042,2023-08-24,2023-02-16,Clothing,13,4448.57,,Delhi
10406,1175,2023-12-06,2023-02-15,Electronics,1,1678.92,PAID,Mumbai
10407,1038,2023-08-16,2023-01-02,Furniture,5,1607.21,PENDING,Bangalore
10408,1169,2023-01-09,2023-06-18,Electronics,-1,2584.84,PAID,Mumbai
10409,1025,2023-06-15,2023-04-19,Clothing,7,4706.42,PAID,Bangalore
10410,1098,2023-11-15,2023-01-20,Furniture,6,286.52,FAILED,Mumbai
10411,1049,2023-08-02,2023-11-29,Electronics,12,1793.54,PAID,Chennai
10412,1152,2023-04-27,2023-03-14,Electronics,10,4290.03,PAID,Chennai
10413,1151,2023-12-10,2023-04-20,,14,2010.47,PAID,Mumbai
10414,1012,2023-03-13,2023-09-26,Clothing,13,1035.83,PAID,Bangalore
10415,1059,2023-03-05,2023-08-29,Electronics,-1,2152.73,PAID,Mumbai
10416,1134,2023-07-24,2023-10-29,Clothing,11,1958.48,PENDING,Bangalore
10417,1056,2023-07-28,2023-04-01,Clothing,0,4581.31,PAID,Delhi
10418,1035,2023-03-13,2023-04-14,Clothing,9,3821.58,PAID,Bangalore
10419,1172,2023-10-04,2023-09-08,,5,2550.32,PAID,Bangalore
10420,1019,2023-10-01,2023-01-09,Clothing,-1,4942.43,PENDING,
10421,1064,2023-11-16,2023-06-03,Grocery,1,2353.12,PENDING,Bangalore
10422,1007,2023-12-04,2023-12-14,Furniture,11,338.28,PAID,Bangalore
10423,1143,2023-04-05,2023-06-24,Furniture,13,1348.26,PAID,Delhi
10424,1141,2023-06-15,2023-12-10,Electronics,-1,2208.55,,
10425,1114,2023-02-01,2023-06-08,Electronics,9,826.67,PAID,Chennai
10426,1142,2023-01-11,2023-08-04,Electronics,11,4740.45,FAILED,Delhi
10427,1091,2023-10-28,2023-06-27,Clothing,3,3845.9,FAILED,Hyderabad
10428,1097,2023-08-05,2023-06-25,Clothing,10,1378.02,PENDING,Delhi
10429,1065,2023-10-16,2023-12-07,Clothing,1,2974.48,PAID,Hyderabad
10430,1031,2023-04-12,2023-12-05,,9,3621.17,FAILED,Hyderabad
10431,1190,2023-09-24,2023-05-27,Furniture,5,4709.33,PENDING,Mumbai
10432,1085,2023-08-02,2023-11-21,Electronics,4,4414.09,PAID,Chennai
10433,1050,2023-06-28,2023-06-11,Grocery,13,2600.2,PAID,Delhi
10434,1152,2023-03-29,2023-05-08,Grocery,3,3884.53,PAID,Delhi
10435,1185,2023-02-10,2023-03-24,Grocery,8,2832.62,PAID,Delhi
10436,1062,2023-03-17,2023-05-28,Clothing,2,2785.88,PAID,Chennai
10437,1189,2023-02-15,2023-08-28,Furniture,13,617.97,PAID,Mumbai
10438,1124,2023-06-09,2023-03-26,Grocery,4,674.38,PAID,Mumbai
10439,1149,2023-03-21,2023-04-24,Clothing,2,2671.19,PAID,Chennai
10440,1057,2023-11-06,2023-08-14,Furniture,8,1380.86,PAID,Mumbai
10441,1057,2023-03-27,2023-11-29,Grocery,12,154.13,PENDING,Mumbai
10442,1085,2023-04-02,2023-09-01,Electronics,0,3628.05,,Mumbai
10443,1048,2023-05-28,2023-05-24,Grocery,2,210.81,PAID,Delhi
10444,1179,2023-06-10,2023-02-11,Electronics,2,2996.62,PAID,Bangalore
10445,1169,2023-07-21,2023-09-16,,6,2719.01,PAID,Mumbai
10446,1069,2023-08-30,2023-10-13,Electronics,12,4845.63,PENDING,
10447,1014,2023-12-19,2023-04-16,Grocery,0,2446.86,PENDING,Chennai
10448,1053,2023-01-02,2023-07-22,Clothing,3,364.83,,Delhi
10449,1187,2023-08-13,2023-11-04,,14,2780.86,PAID,Delhi
10450,1100,2023-10-16,2023-11-28,Electronics,5,4213.43,,Delhi
10451,1007,2023-08-21,2023-09-24,Electronics,8,4984.4,PAID,Bangalore
10452,1052,2023-03-18,2023-07-30,Electronics,3,2180.2,PENDING,Mumbai
10453,1059,2023-04-26,2023-02-21,Electronics,5,1635.48,PAID,Mumbai
10454,1107,2023-06-03,2023-04-29,Electronics,7,4537.93,FAILED,Hyderabad
10455,1004,2023-04-13,2023-07-21,Clothing,0,996.65,PAID,Delhi
10456,1102,2023-07-13,2023-02-09,Electronics,11,3096.37,PENDING,Delhi
10457,1195,2023-06-15,2023-01-29,Electronics,11,2058.29,FAILED,Hyderabad
10458,1005,2023-12-25,2023-09-17,Furniture,7,253.36,PAID,Chennai
10459,1108,2023-03-31,2023-03-26,Grocery,9,1769.08,PAID,Delhi
10460,1115,2023-06-23,2023-06-05,Grocery,3,1362.88,FAILED,Chennai
10461,1093,2023-05-02,2023-04-28,Grocery,9,3446.15,PAID,Mumbai
10462,1046,2023-05-23,2023-01-03,,11,4746.51,PAID,Chennai
10463,1098,2023-04-16,2023-04-04,Electronics,-1,1376.83,PAID,Bangalore
10464,1054,2023-11-01,2023-06-16,Furniture,6,4066.76,PAID,Hyderabad
10465,1167,2023-12-26,2023-12-17,Furniture,7,324.03,PAID,
10466,1051,2023-11-13,2023-10-24,Electronics,14,2713.7,PAID,
10467,1143,2023-05-03,2023-09-16,,14,399.22,PAID,
10468,1012,2023-01-09,2023-03-23,Grocery,0,4673.46,PAID,Bangalore
10469,1113,2023-09-19,2023-09-26,Electronics,-2,3843.44,FAILED,Delhi
10470,1123,2023-03-14,2023-08-24,Furniture,9,3306.85,,Bangalore
10471,1105,2023-12-25,2023-11-18,Furniture,4,4128.29,PENDING,Chennai
10472,1157,2023-08-11,2023-11-08,Clothing,1,3255.22,PAID,Hyderabad
10473,1146,2023-02-10,2023-10-29,Electronics,7,4846.27,,Mumbai
10474,1144,2023-07-23,2023-12-24,Grocery,10,3584.09,PAID,
10475,1119,2023-09-21,2023-08-02,Furniture,-1,4627.06,PAID,Hyderabad
10476,1062,2023-11-24,2023-03-04,Grocery,7,2609.8,,
10477,1018,2023-06-27,2023-02-19,Grocery,1,629.47,PENDING,Hyderabad
10478,1091,2023-12-14,2023-05-08,Electronics,2,2664.48,PENDING,Delhi
10479,1057,2023-11-14,2023-08-12,Electronics,-1,678.02,PENDING,Mumbai
10480,1182,2023-03-25,2023-10-07,Furniture,9,2982.84,PAID,Mumbai
10481,1089,2023-11-14,2023-10-22,Grocery,14,2438.34,PAID,Delhi
10482,1116,2023-04-21,2023-10-12,,7,3131.75,PENDING,Bangalore
10483,1061,2023-09-08,2023-10-05,Grocery,-1,99.73,PAID,Hyderabad
10484,1022,2023-01-07,2023-04-18,Furniture,3,1014.46,PAID,Hyderabad
10485,1126,2023-03-25,2023-05-27,Grocery,5,2482.09,PENDING,Bangalore
10486,1136,2023-07-27,2023-04-10,Grocery,8,4754.99,PENDING,Mumbai
10487,1139,2023-11-10,2023-03-15,Electronics,9,1948.86,PAID,Mumbai
10488,1128,2023-01-22,2023-05-03,Grocery,6,2150.64,PENDING,Mumbai
10489,1057,2023-01-03,2023-01-31,Clothing,-1,3587.75,FAILED,Delhi
10490,1121,2023-05-07,2023-07-08,,5,3038.77,PENDING,Bangalore
10491,1000,2023-10-24,2023-12-31,Clothing,8,1529.68,PAID,Mumbai
10492,1033,2023-07-07,2023-12-21,Electronics,1,2083.54,PAID,Delhi
10493,1095,2023-12-28,2023-10-16,Electronics,7,1127.61,PAID,Mumbai
10494,1125,2023-01-14,2023-07-15,Electronics,13,4831.81,PAID,Bangalore
10495,1117,2023-01-12,2023-06-06,Clothing,5,696.64,PAID,Bangalore
10496,1047,2023-03-28,2023-06-22,Furniture,1,1890.59,PAID,Bangalore
10497,1088,2023-01-12,2023-12-02,,7,177.9,PAID,Delhi
10498,1116,2023-01-25,2023-02-11,Electronics,9,1147.81,,
10499,1128,2023-10-28,2023-03-05,Clothing,11,3913.33,PAID,Mumbai
10500,1015,2023-08-31,2023-01-24,Grocery,13,1045.82,PENDING,Bangalore
10501,1188,2023-05-02,2023-12-27,Clothing,9,446.31,PENDING,Chennai
10502,1191,2023-05-27,2023-03-17,Clothing,4,2398.54,PAID,Bangalore
10503,1190,2023-02-24,2023-02-18,Clothing,4,99.35,,
10504,1068,2023-08-26,2023-06-10,Clothing,6,469.59,PAID,Delhi
10505,1021,2023-12-22,2023-11-10,Electronics,-2,4047.75,PAID,Bangalore
10506,1092,2023-06-22,2023-04-29,Furniture,3,3868.79,PENDING,Mumbai
10507,1194,2023-08-09,2023-04-11,Electronics,3,4579.94,PAID,Bangalore
10508,1075,2023-04-29,2023-06-17,Clothing,9,4279.85,PENDING,Delhi
10509,1153,2023-11-05,2023-10-18,Grocery,9,3431.72,PAID,Mumbai
10510,1143,2023-07-02,2023-06-06,Clothing,7,309.05,FAILED,Bangalore
10511,1178,2023-10-15,2023-01-08,,3,3925.1,PAID,Bangalore
10512,1085,2023-11-03,2023-07-16,Furniture,14,4235.28,PENDING,Mumbai
10513,1184,2023-10-27,2023-02-26,Furniture,3,4005.46,PAID,Chennai
10514,1028,2023-03-23,2023-11-18,Clothing,7,2566.97,PENDING,Bangalore
10515,1068,2023-07-30,2023-07-13,Furniture,5,1202.86,PENDING,Mumbai
10516,1046,2023-05-30,2023-02-17,Clothing,3,4234.38,PAID,Bangalore
10517,1093,2023-02-06,2023-05-29,Furniture,4,3649.46,PENDING,Chennai
10518,1189,2023-12-18,2023-10-03,Grocery,-2,4904.77,PAID,Bangalore
10519,1196,2023-11-08,2023-06-07,,9,820.68,FAILED,Delhi
10520,1143,2023-12-27,2023-07-22,,13,1167.04,PAID,Delhi
10521,1175,2023-02-28,2023-05-07,Furniture,7,1098.4,FAILED,Bangalore
10522,1084,2023-05-11,2023-11-02,Grocery,7,3973.07,FAILED,
10523,1038,2023-07-21,2024-01-05,Electronics,11,975.19,PAID,Chennai
10524,1099,2023-08-31,2023-10-22,Furniture,7,379.97,PAID,Mumbai
10525,1032,2023-02-04,2023-03-06,Electronics,7,4992.88,PAID,Bangalore
10526,1100,2023-04-03,2023-11-22,Furniture,8,172.85,FAILED,Hyderabad
10527,1022,2023-07-26,2023-06-26,Grocery,-1,4184.46,PAID,Mumbai
10528,1009,2023-12-19,2023-04-27,Grocery,5,1858.57,PAID,
10529,1068,2023-11-28,2023-07-24,,4,4216.0,FAILED,
10530,1099,2023-11-01,2023-11-18,Clothing,5,2795.37,PAID,Mumbai
10531,1033,2023-12-16,2023-02-01,Clothing,-2,4513.07,PENDING,
10532,1179,2023-08-01,2023-04-24,Clothing,-1,4634.66,PAID,Delhi
10533,1137,2023-06-08,2024-01-01,Grocery,12,95.04,PAID,Hyderabad
10534,1146,2023-01-24,2023-11-22,Furniture,-2,423.29,PENDING,Delhi
10535,1185,2023-10-20,2023-12-11,Grocery,2,1289.28,PAID,Delhi
10536,1095,2023-01-04,2023-03-09,,-1,3363.11,PAID,Bangalore
10537,1000,2023-08-08,2023-03-17,Furniture,0,4446.95,FAILED,Chennai
10538,1068,2023-12-30,2023-02-15,Grocery,11,2326.71,PAID,Mumbai
10539,1003,2023-01-20,2023-09-18,Furniture,5,3054.52,,Bangalore
10540,1015,2023-06-01,2023-06-04,Clothing,9,983.07,,Mumbai
10541,1023,2023-02-19,2023-06-05,Grocery,7,4034.59,PAID,Delhi
10542,1079,2023-06-26,2023-12-30,,14,4838.27,PAID,Delhi
10543,1001,2023-04-06,2023-08-23,Electronics,8,1379.56,PENDING,Bangalore
10544,1127,2023-04-15,2023-02-21,Grocery,-1,2499.39,PAID,Delhi
10545,1159,2023-09-07,2023-11-03,Clothing,1,476.27,PAID,Mumbai
10546,1083,2023-04-27,2023-09-20,Clothing,-2,2817.73,PENDING,Mumbai
10547,1151,2023-12-20,2023-11-12,Clothing,12,2538.78,PAID,Mumbai
10548,1139,2023-08-16,2023-05-06,Furniture,10,764.96,FAILED,Bangalore
10549,1177,2023-03-07,2023-09-03,Clothing,5,2238.23,PAID,
10550,1162,2023-12-01,2023-01-31,Clothing,1,1703.82,PAID,Mumbai
10551,1123,2023-09-19,2023-05-03,Electronics,7,2633.06,PAID,
10552,1032,2023-10-22,2023-05-06,Grocery,2,2948.99,,Chennai
10553,1160,2023-08-31,2023-02-07,Electronics,13,92.05,PENDING,Bangalore
10554,1188,2023-07-05,2023-06-20,Grocery,-2,3816.98,FAILED,Bangalore
10555,1178,2023-09-03,2023-05-05,Clothing,9,3579.42,PAID,Hyderabad
10556,1170,2023-05-05,2023-12-24,Electronics,-1,1863.12,PAID,Mumbai
10557,1100,2023-09-25,2023-02-05,Grocery,5,312.03,PAID,Bangalore
10558,1011,2023-05-11,2023-03-29,Electronics,13,3786.92,PAID,Chennai
10559,1066,2023-08-25,2023-05-15,,2,4778.12,PAID,Bangalore
10560,1064,2023-01-18,2023-07-16,,10,1238.75,PENDING,Hyderabad
10561,1160,2023-02-09,2023-10-02,Clothing,0,1651.45,PAID,Mumbai
10562,1167,2023-01-21,2023-07-21,,5,959.87,,Chennai
10563,1073,2023-08-13,2024-01-05,Furniture,9,2905.83,PAID,Bangalore
10564,1042,2023-12-21,2023-10-13,Clothing,-1,816.46,,Delhi
10565,1043,2023-10-09,2023-03-19,Electronics,8,1813.16,PAID,Delhi
10566,1028,2023-01-08,2023-03-01,Furniture,9,3500.21,PAID,Bangalore
10567,1140,2023-04-10,2023-05-07,Furniture,10,2822.57,PAID,Hyderabad
10568,1011,2023-08-28,2023-04-20,Clothing,2,1962.99,PAID,Bangalore
10569,1094,2023-03-28,2023-08-13,Furniture,9,2130.24,PAID,Hyderabad
10570,1045,2023-10-25,2023-10-06,Clothing,-1,2832.45,PAID,Delhi
10571,1129,2023-01-14,2023-03-10,Furniture,2,79.03,PAID,Mumbai
10572,1034,2023-11-30,2023-03-11,,4,438.62,PENDING,Mumbai
10573,1080,2023-01-02,2023-06-15,Grocery,9,4412.23,PENDING,Mumbai
10574,1089,2023-10-20,2023-11-02,Furniture,13,435.5,FAILED,Delhi
10575,1007,2023-11-21,2023-06-12,Grocery,5,3548.68,PAID,Delhi
10576,1092,2023-02-10,2024-01-01,Clothing,6,4604.19,PENDING,Chennai
10577,1153,2023-11-14,2023-12-09,Furniture,12,1389.88,PAID,Chennai
10578,1089,2023-11-12,2023-11-06,Electronics,2,1883.93,PAID,Mumbai
10579,1161,2023-04-21,2023-12-10,Clothing,10,2866.16,PAID,Mumbai
10580,1114,2023-01-14,2023-02-12,Electronics,2,4414.46,PAID,Delhi
10581,1104,2023-08-19,2023-12-21,Clothing,8,4712.43,PAID,Bangalore
10582,1134,2023-03-25,2023-04-20,Grocery,7,3710.84,PAID,Mumbai
10583,1195,2023-05-10,2023-02-21,Furniture,10,478.77,PAID,Mumbai
10584,1057,2023-08-19,2023-09-08,Electronics,6,3362.31,PENDING,
10585,1113,2023-11-22,2023-12-08,Clothing,11,2081.0,PENDING,Hyderabad
10586,1074,2023-05-25,2023-01-22,Grocery,12,2379.97,,Mumbai
10587,1156,2023-12-11,2023-10-28,Furniture,7,293.28,PENDING,Delhi
10588,1119,2023-01-28,2023-05-20,,4,995.76,PAID,Delhi
10589,1163,2023-03-07,2023-12-26,,5,3963.04,FAILED,Chennai
10590,1020,2023-06-12,2023-11-21,Furniture,0,2297.1,FAILED,Bangalore
10591,1163,2023-08-17,2023-04-03,Furniture,12,1543.23,PAID,Mumbai
10592,1137,2023-09-18,2023-10-08,Electronics,13,1950.89,PAID,Chennai
10593,1100,2023-06-13,2023-05-06,Grocery,1,4279.28,,Delhi
10594,1151,2023-10-28,2023-04-22,Grocery,3,3757.55,PAID,Delhi
10595,1191,2023-10-30,2023-12-21,Furniture,-2,1397.96,,Delhi
10596,1176,2023-10-14,2023-05-20,,1,631.63,PAID,Bangalore
10597,1098,2023-01-10,2023-10-01,Electronics,8,1297.39,PAID,Delhi
10598,1035,2023-07-14,2023-04-10,,9,4607.74,PAID,Mumbai
10599,1095,2023-04-28,2023-09-10,Clothing,2,2928.86,PAID,Delhi
10600,1151,2023-09-27,2023-12-05,Clothing,13,2690.73,FAILED,Mumbai
10601,1150,2023-03-21,2023-04-15,Electronics,10,3002.15,,Chennai
10602,1189,2023-04-03,2023-08-03,Electronics,10,1861.84,PAID,Mumbai
10603,1036,2023-09-23,2023-09-07,Clothing,14,4045.18,PAID,Mumbai
10604,1011,2023-11-28,2023-06-02,Clothing,4,2640.27,FAILED,Chennai
10605,1112,2023-12-16,2023-09-08,Electronics,5,627.9,PENDING,Chennai
10606,1182,2023-12-27,2023-10-03,Clothing,10,688.87,PAID,Hyderabad
10607,1012,2023-09-14,2023-06-15,Furniture,13,2707.45,PAID,Bangalore
10608,1022,2023-05-13,2023-12-08,Furniture,1,4686.02,PENDING,Mumbai
10609,1098,2023-10-03,2023-01-09,,5,1576.34,PENDING,Chennai
10610,1104,2023-09-21,2023-10-12,Grocery,13,4354.23,PAID,Chennai
10611,1029,2023-06-20,2023-01-06,Grocery,7,3832.27,PAID,Mumbai
10612,1016,2023-01-01,2023-05-26,Furniture,9,1276.67,,
10613,1112,2023-11-09,2023-04-12,Grocery,9,229.89,PENDING,Mumbai
10614,1061,2023-03-05,2023-06-14,Electronics,2,554.14,PAID,
10615,1083,2023-10-11,2023-05-28,Grocery,13,3656.04,PAID,Hyderabad
10616,1111,2023-05-01,2023-03-06,Grocery,-2,1038.37,PENDING,Chennai
10617,1085,2023-04-17,2023-04-02,Grocery,6,1887.79,PAID,
10618,1140,2023-06-24,2023-04-28,Grocery,9,2533.41,PAID,Chennai
10619,1186,2023-07-23,2023-12-21,Grocery,2,3641.07,PAID,Mumbai
10620,1018,2023-06-14,2023-09-25,Electronics,0,610.49,PAID,Delhi
10621,1176,2023-11-01,2023-11-07,Clothing,2,2061.51,PENDING,Mumbai
10622,1099,2023-04-30,2023-06-23,Clothing,-1,2451.11,PAID,Delhi
10623,1139,2023-02-13,2023-02-17,Clothing,11,2727.09,PENDING,Chennai
10624,1188,2023-11-08,2023-05-21,Electronics,-1,4100.89,PAID,Delhi
10625,1146,2023-06-05,2023-09-04,Grocery,10,899.81,PAID,Delhi
10626,1075,2023-07-26,2023-05-30,Clothing,4,4048.77,PAID,Bangalore
10627,1008,2023-04-18,2023-09-04,Clothing,7,3479.75,,Hyderabad
10628,1198,2023-09-08,2023-01-06,Clothing,10,2801.56,FAILED,Mumbai
10629,1027,2023-11-30,2023-07-04,Grocery,13,3512.66,PAID,Delhi
10630,1127,2023-05-10,2023-01-21,,11,2089.49,PENDING,Mumbai
10631,1051,2023-10-20,2023-02-16,Grocery,8,735.07,PENDING,Chennai
10632,1082,2023-01-20,2023-01-13,Grocery,7,3345.54,,Mumbai
10633,1110,2023-10-09,2023-03-12,Clothing,3,2647.13,PAID,Chennai
10634,1143,2023-10-12,2023-01-18,Clothing,1,3214.91,PENDING,Delhi
10635,1116,2023-01-01,2023-05-28,Grocery,-2,1723.09,PAID,Mumbai
10636,1068,2023-04-29,2023-06-04,Grocery,4,4538.99,PAID,
10637,1098,2023-02-04,2023-11-01,Furniture,6,2957.48,,Mumbai
10638,1139,2023-07-17,2023-04-19,Grocery,5,472.74,PAID,Delhi
10639,1024,2023-09-02,2023-08-25,Electronics,2,2276.53,PAID,Mumbai
10640,1179,2023-02-28,2023-11-05,Grocery,7,3793.96,PAID,Bangalore
10641,1122,2023-11-21,2023-12-19,Furniture,8,3980.97,PENDING,Bangalore
10642,1052,2023-06-10,2023-03-12,Electronics,12,2498.26,PENDING,Delhi
10643,1150,2023-06-28,2023-07-03,,3,4479.0,PAID,Mumbai
10644,1143,2023-07-25,2023-09-08,Clothing,12,1374.96,,Delhi
10645,1056,2023-01-12,2023-08-17,,2,2082.46,PAID,Chennai
10646,1038,2023-10-03,2023-04-13,,7,4498.05,PAID,Chennai
10647,1108,2023-06-30,2023-03-17,Grocery,9,4486.47,,Bangalore
10648,1180,2023-08-30,2023-08-05,Electronics,1,3444.28,PAID,Bangalore
10649,1041,2023-08-04,2023-07-23,Electronics,13,4301.95,PAID,Mumbai
10650,1185,2023-09-08,2023-07-12,Electronics,5,489.43,PAID,Delhi
10651,1166,2023-10-26,2023-09-07,Furniture,1,4331.73,FAILED,Mumbai
10652,1141,2023-05-06,2023-08-31,Grocery,9,1637.07,PAID,Mumbai
10653,1121,2023-08-05,2023-06-29,Grocery,-1,932.74,,Mumbai
10654,1132,2023-11-02,2023-08-08,Grocery,1,1234.88,PENDING,Bangalore
10655,1162,2023-10-12,2023-03-24,,2,2118.94,PAID,Bangalore
10656,1074,2023-07-04,2023-04-03,Electronics,0,1293.4,PENDING,
10657,1145,2023-02-08,2023-06-25,Electronics,6,1636.81,PAID,Mumbai
10658,1075,2023-08-11,2023-08-28,Electronics,8,718.14,PAID,Bangalore
10659,1008,2023-07-03,2023-09-18,,0,1516.07,PENDING,Hyderabad
10660,1073,2023-06-27,2024-01-01,Clothing,-1,2882.8,,Bangalore
10661,1185,2023-10-21,2023-06-13,Grocery,6,2237.18,PAID,Delhi
10662,1144,2023-12-06,2023-02-18,Electronics,11,1766.26,PAID,Delhi
10663,1006,2023-05-31,2023-11-26,Grocery,1,3744.94,PAID,Mumbai
10664,1173,2023-05-06,2023-11-25,Electronics,6,4472.87,PAID,Delhi
10665,1140,2023-10-28,2023-04-27,,10,3796.11,PAID,Chennai
10666,1167,2023-11-04,2023-12-04,Furniture,12,1693.4,PAID,Mumbai
10667,1169,2023-12-02,2023-12-04,Grocery,7,3734.99,PENDING,Mumbai
10668,1136,2023-08-22,2024-01-05,Furniture,13,802.3,PAID,Chennai
10669,1177,2023-01-08,2023-08-14,Electronics,9,695.07,PAID,Chennai
10670,1026,2023-12-07,2023-12-19,Furniture,2,1760.85,FAILED,Bangalore
10671,1121,2023-05-09,2023-11-25,Furniture,-1,4048.13,FAILED,Chennai
10672,1193,2023-09-21,2023-05-28,Grocery,7,1269.42,PAID,Delhi
10673,1004,2023-06-06,2023-03-05,Furniture,-2,363.1,PAID,Mumbai
10674,1028,2023-12-18,2023-10-22,Grocery,4,701.96,PENDING,Delhi
10675,1164,2023-12-24,2023-11-20,Grocery,14,4300.79,PAID,Bangalore
10676,1165,2023-01-05,2023-11-22,Electronics,13,3187.23,PAID,
10677,1082,2023-03-27,2023-01-14,Grocery,0,1303.35,PENDING,Mumbai
10678,1135,2023-06-24,2023-07-09,Furniture,11,2798.71,PAID,Bangalore
10679,1108,2023-10-17,2023-10-15,,7,2661.52,PAID,Delhi
10680,1064,2023-07-12,2023-07-28,Clothing,4,3294.41,PAID,Bangalore
10681,1085,2023-11-07,2023-04-25,Furniture,14,1204.28,PAID,Mumbai
10682,1144,2023-04-29,2023-01-23,Furniture,3,4328.79,PAID,Delhi
10683,1070,2023-08-06,2023-12-16,Electronics,1,1581.37,,Hyderabad
10684,1044,2023-04-24,2023-08-03,Grocery,14,3485.95,PAID,Bangalore
10685,1131,2023-05-25,2023-06-21,Electronics,6,129.82,PAID,Bangalore
10686,1035,2023-01-26,2023-11-20,Clothing,1,1894.65,PAID,Delhi
10687,1069,2023-05-16,2023-02-24,,4,1790.96,,Delhi
10688,1158,2023-10-30,2023-10-26,Electronics,-1,2740.25,PAID,Delhi
10689,1018,2023-08-20,2023-11-17,Furniture,14,410.04,PAID,Hyderabad
10690,1188,2023-03-17,2023-05-07,Clothing,5,3961.15,FAILED,
10691,1107,2023-11-24,2023-10-05,Clothing,12,1128.01,PAID,Delhi
10692,1181,2023-12-11,2023-07-24,Grocery,12,3401.34,PAID,Delhi
10693,1166,2023-10-29,2023-07-14,Grocery,5,4025.9,PAID,Hyderabad
10694,1090,2023-10-16,2023-06-19,Electronics,13,2831.29,PAID,Delhi
10695,1089,2023-01-01,2023-06-02,Electronics,8,3717.37,PAID,Bangalore
10696,1018,2023-05-27,2023-02-05,Electronics,-1,3326.21,PENDING,Mumbai
10697,1038,2023-10-14,2023-07-04,Clothing,14,1809.87,PAID,Chennai
10698,1125,2023-05-22,2023-10-14,Electronics,13,4053.85,PAID,Bangalore
10699,1194,2023-02-22,2023-02-27,Furniture,12,1508.77,PAID,Hyderabad
10700,1172,2023-10-31,2023-08-11,Clothing,10,2877.5,PAID,Chennai
10701,1140,2023-03-10,2023-10-31,Clothing,12,3739.72,PAID,Mumbai
10702,1125,2023-12-27,2023-06-13,Grocery,1,1925.83,,Chennai
10703,1057,2023-03-31,2023-01-20,Clothing,13,1548.7,PAID,Hyderabad
10704,1147,2023-08-08,2023-09-22,,9,2323.76,PENDING,Delhi
10705,1199,2023-07-11,2023-10-10,Electronics,1,4098.92,PAID,Mumbai
10706,1060,2023-03-04,2023-04-24,Grocery,0,4653.11,PAID,Mumbai
10707,1126,2023-03-14,2023-11-24,Furniture,14,2748.16,PAID,Bangalore
10708,1104,2023-06-10,2023-01-31,Electronics,14,3324.26,PAID,Delhi
10709,1166,2023-06-18,2023-05-16,Electronics,9,4521.2,PAID,Bangalore
10710,1000,2023-03-30,2023-03-09,Grocery,1,537.81,PAID,Mumbai
10711,1130,2023-06-25,2023-03-07,Electronics,9,1198.79,PENDING,Hyderabad
10712,1091,2023-09-26,2023-10-20,Clothing,12,3559.06,PAID,Delhi
10713,1189,2023-03-14,2023-01-26,Electronics,13,4127.54,PAID,Mumbai
10714,1190,2023-09-02,2023-02-07,Furniture,2,4292.29,PAID,Bangalore
10715,1112,2023-03-18,2023-01-02,Furniture,12,2104.78,PAID,Bangalore
10716,1152,2023-06-08,2023-02-07,Clothing,14,492.23,PAID,Mumbai
10717,1055,2023-11-20,2023-05-22,Clothing,2,2217.02,PAID,Delhi
10718,1160,2023-04-08,2023-08-21,Furniture,10,1192.14,PAID,Mumbai
10719,1165,2023-04-12,2023-05-17,Electronics,10,1491.42,PENDING,Chennai
10720,1116,2023-05-12,2023-07-08,Furniture,11,3872.72,FAILED,Chennai
10721,1133,2023-04-12,2023-05-09,Furniture,1,423.86,PAID,Bangalore
10722,1057,2023-01-19,2023-07-21,Furniture,1,4146.53,PAID,Chennai
10723,1043,2023-03-23,2023-05-08,Clothing,10,2166.96,FAILED,Chennai
10724,1172,2023-10-06,2023-09-15,Electronics,9,3000.52,PAID,Mumbai
10725,1159,2023-12-05,2023-06-14,Grocery,4,493.78,PAID,
10726,1172,2023-12-31,2023-02-05,Furniture,9,1719.93,PAID,Hyderabad
10727,1060,2023-11-27,2023-07-14,Electronics,1,494.02,PAID,Mumbai
10728,1046,2023-05-09,2023-07-11,Furniture,-1,4809.64,PAID,Mumbai
10729,1148,2023-12-10,2023-04-15,Electronics,-1,4045.95,PAID,Mumbai
10730,1079,2023-11-06,2023-01-24,Electronics,2,2325.18,PAID,Mumbai
10731,1117,2023-03-30,2023-09-23,Electronics,7,1156.83,PAID,Chennai
10732,1163,2023-08-01,2023-10-18,Electronics,7,4670.6,PENDING,Bangalore
10733,1146,2023-05-23,2023-09-18,Clothing,6,1755.75,PAID,Chennai
10734,1019,2023-03-06,2023-12-25,Electronics,10,846.87,PAID,Chennai
10735,1184,2023-03-17,2023-03-17,,4,2837.66,PAID,Bangalore
10736,1145,2023-07-18,2023-12-22,Clothing,2,4721.68,PENDING,Chennai
10737,1046,2023-05-23,2023-03-14,Electronics,7,68.96,PENDING,Mumbai
10738,1048,2023-11-12,2023-09-17,Clothing,7,1228.72,PENDING,Delhi
10739,1013,2023-04-03,2023-07-08,Furniture,3,4695.32,PAID,Bangalore
10740,1142,2023-11-01,2023-06-23,Furniture,5,896.88,PENDING,Mumbai
10741,1158,2023-08-12,2023-10-18,Electronics,-2,610.56,PENDING,Mumbai
10742,1000,2023-10-18,2023-02-15,Furniture,14,2872.43,PAID,Hyderabad
10743,1116,2023-04-12,2023-03-03,Furniture,4,4316.13,PAID,Chennai
10744,1053,2023-09-24,2023-03-25,Electronics,11,2411.69,PAID,Delhi
10745,1117,2023-12-21,2023-05-04,Electronics,14,4973.09,PENDING,Chennai
10746,1002,2023-04-20,2023-12-25,Clothing,6,3411.9,PAID,Chennai
10747,1143,2023-11-26,2023-01-17,Electronics,14,416.67,PAID,Delhi
10748,1184,2023-09-22,2023-03-08,Furniture,2,4964.52,,Mumbai
10749,1011,2023-01-03,2023-05-26,Grocery,5,2069.08,PENDING,
10750,1073,2023-03-26,2023-06-12,,3,1472.64,,Delhi
10751,1015,2023-10-09,2023-08-23,Clothing,8,2811.5,,Mumbai
10752,1199,2023-11-24,2023-05-25,Electronics,1,1556.32,PAID,Bangalore
10753,1101,2023-10-31,2023-12-25,Electronics,-2,477.96,PENDING,Chennai
10754,1151,2023-04-27,2023-07-08,Clothing,10,57.07,PAID,Mumbai
10755,1155,2023-08-09,2023-11-19,Furniture,11,2275.44,FAILED,Delhi
10756,1116,2023-06-03,2023-01-14,Furniture,-2,4192.47,PAID,Mumbai
10757,1007,2023-06-02,2023-07-04,Grocery,8,2882.96,,
10758,1121,2023-01-12,2023-04-22,Electronics,14,4996.08,PENDING,Mumbai
10759,1091,2023-05-13,2023-10-18,Electronics,1,1469.89,PENDING,Bangalore
10760,1163,2023-10-31,2023-10-23,Clothing,9,1438.25,PAID,
10761,1089,2023-10-20,2023-08-04,Electronics,7,840.76,PAID,Mumbai
10762,1135,2023-10-27,2023-05-01,Grocery,3,862.11,PENDING,
10763,1185,2023-08-16,2023-02-25,Clothing,-2,1461.67,PAID,
10764,1059,2023-09-28,2023-01-28,,4,3974.56,FAILED,Hyderabad
10765,1177,2023-02-12,2023-04-29,Grocery,13,4533.5,PAID,Mumbai
10766,1027,2023-12-09,2023-08-10,Electronics,11,4876.68,PENDING,Bangalore
10767,1100,2023-11-22,2023-08-20,Clothing,3,1199.83,PAID,Chennai
10768,1040,2023-10-29,2023-02-23,Clothing,2,4412.42,PENDING,
10769,1191,2023-12-30,2023-10-23,Grocery,12,1674.86,PENDING,Mumbai
10770,1154,2023-01-21,2023-11-18,,3,608.56,PAID,Chennai
10771,1190,2023-04-17,2023-08-22,Furniture,-2,4356.62,PAID,Delhi
10772,1144,2023-12-02,2023-06-08,Electronics,-2,3198.72,PAID,Mumbai
10773,1160,2023-10-30,2023-09-27,Electronics,10,865.42,PAID,Delhi
10774,1156,2023-04-27,2023-01-22,Clothing,0,2177.66,PAID,Chennai
10775,1140,2023-05-04,2023-02-23,Furniture,7,1471.93,PENDING,Bangalore
10776,1045,2023-10-08,2023-10-03,Electronics,0,3697.13,PAID,Bangalore
10777,1034,2023-10-19,2023-11-10,Clothing,6,2294.41,PAID,
10778,1133,2023-07-22,2023-10-09,Clothing,5,4946.94,PAID,Delhi
10779,1081,2023-02-20,2023-08-03,Electronics,0,320.99,PAID,Bangalore
10780,1114,2023-09-28,2023-02-01,Clothing,10,1807.33,PAID,Delhi
10781,1196,2023-11-20,2023-12-04,,3,2435.41,,Delhi
10782,1046,2023-10-04,2023-07-03,Electronics,10,2540.51,FAILED,Chennai
10783,1152,2023-05-21,2023-01-24,Grocery,9,1613.88,PAID,
10784,1193,2023-10-02,2023-02-02,Grocery,10,3659.74,PAID,Bangalore
10785,1009,2023-10-17,2023-03-16,Furniture,-1,4380.0,FAILED,Chennai
10786,1055,2023-11-30,2023-01-11,,13,4696.66,PAID,Mumbai
10787,1029,2023-02-21,2023-02-24,Grocery,3,4035.21,PAID,Mumbai
10788,1108,2023-01-27,2023-02-22,Furniture,10,4260.37,PAID,Bangalore
10789,1004,2023-06-06,2023-05-29,Clothing,14,2775.2,PAID,Mumbai
10790,1118,2023-08-27,2023-06-10,Clothing,6,4138.15,,Delhi
10791,1032,2023-06-05,2023-01-15,Grocery,14,1552.34,PENDING,Bangalore
10792,1117,2023-10-18,2023-06-28,Electronics,-1,2022.47,PAID,Mumbai
10793,1064,2023-05-16,2024-01-02,Grocery,4,1618.72,PAID,Delhi
10794,1145,2023-05-24,2023-02-23,Clothing,7,2363.57,PENDING,Bangalore
10795,1176,2023-04-16,2023-12-02,Electronics,7,1463.62,FAILED,Bangalore
10796,1010,2023-06-07,2023-01-23,,6,4809.98,PENDING,
10797,1084,2023-05-26,2023-01-31,Electronics,14,1598.58,PENDING,Bangalore
10798,1025,2023-01-02,2023-07-11,Electronics,12,535.32,PAID,Delhi
10799,1062,2023-03-18,2023-09-18,Clothing,-1,2657.74,FAILED,
10800,1085,2023-05-12,2023-07-25,Furniture,1,332.64,PENDING,Chennai
10801,1058,2023-03-31,2023-03-01,Electronics,14,597.19,PAID,Mumbai
10802,1026,2023-12-11,2023-09-22,Grocery,2,1135.98,PENDING,Mumbai
10803,1176,2023-12-16,2023-01-13,,4,2348.53,PAID,Chennai
10804,1160,2023-09-20,2023-04-30,Grocery,4,2194.59,PAID,Bangalore
10805,1097,2023-12-17,2023-10-18,Grocery,14,4008.47,PAID,Chennai
10806,1104,2023-04-18,2023-12-05,Furniture,4,3710.4,PAID,Chennai
10807,1098,2023-03-15,2023-09-06,Electronics,1,2160.28,PAID,Bangalore
10808,1128,2023-02-08,2023-12-21,Grocery,5,1701.84,PAID,
10809,1148,2023-06-08,2023-05-08,Grocery,10,1616.52,PAID,Bangalore
10810,1054,2023-03-12,2023-03-17,Grocery,1,3881.28,PAID,Mumbai
10811,1005,2023-11-08,2023-12-28,Grocery,3,307.76,PAID,Hyderabad
10812,1196,2023-08-29,2023-07-24,Electronics,2,113.47,PAID,Delhi
10813,1094,2023-10-25,2023-02-19,Grocery,9,3987.94,PENDING,Chennai
10814,1132,2023-02-05,2023-03-21,Electronics,1,2411.87,PAID,
10815,1101,2023-03-25,2023-08-30,Furniture,6,697.86,PAID,Chennai
10816,1002,2023-09-20,2023-12-16,Grocery,1,1216.05,FAILED,Bangalore
10817,1180,2023-11-06,2023-06-04,Grocery,11,4665.89,PENDING,Bangalore
10818,1022,2023-06-21,2023-10-02,Furniture,2,4304.54,FAILED,Delhi
10819,1052,2023-06-22,2023-04-07,Clothing,7,3563.44,PAID,Delhi
10820,1164,2023-12-28,2023-08-03,Electronics,9,2437.01,PAID,Bangalore
10821,1082,2023-02-16,2023-10-22,,14,2625.6,PENDING,Chennai
10822,1144,2023-05-21,2023-07-29,Electronics,8,4877.46,PAID,Chennai
10823,1084,2023-04-28,2023-12-10,Electronics,0,4830.56,PAID,Mumbai
10824,1077,2023-10-04,2023-03-30,Furniture,14,1115.58,PAID,Bangalore
10825,1109,2023-08-02,2023-11-03,Clothing,-2,4064.97,FAILED,Chennai
10826,1000,2023-08-08,2023-09-22,Grocery,12,1026.35,PAID,Bangalore
10827,1050,2023-01-26,2023-11-22,Electronics,6,1107.01,,Bangalore
10828,1172,2023-01-09,2023-11-17,Clothing,12,3396.66,FAILED,Chennai
10829,1003,2023-09-28,2023-06-07,Grocery,0,2054.76,PAID,Chennai
10830,1189,2023-01-10,2023-06-06,,10,4661.14,PENDING,Delhi
10831,1192,2023-05-01,2023-05-20,Electronics,9,490.6,PENDING,Hyderabad
10832,1112,2023-05-05,2023-05-02,Furniture,-2,2582.05,FAILED,Mumbai
10833,1031,2023-06-19,2023-03-07,Clothing,14,4596.68,PAID,
10834,1033,2023-03-13,2023-04-18,Furniture,10,4525.36,PENDING,Mumbai
10835,1091,2023-06-01,2023-05-28,Furniture,-2,824.82,PAID,Mumbai
10836,1094,2023-07-27,2023-05-18,Clothing,7,1864.86,,Hyderabad
10837,1071,2023-02-18,2023-06-12,Grocery,12,3114.65,PAID,Mumbai
10838,1038,2023-06-03,2023-04-11,Electronics,4,839.0,PAID,Chennai
10839,1153,2023-12-13,2023-12-05,Electronics,13,4841.71,PENDING,Hyderabad
10840,1161,2023-10-20,2023-11-04,Furniture,11,4578.01,FAILED,Hyderabad
10841,1181,2023-03-09,2023-05-22,Furniture,4,876.4,PAID,
10842,1117,2023-02-19,2023-03-25,Grocery,14,649.72,PAID,Delhi
10843,1002,2023-06-01,2023-06-27,Electronics,9,472.77,PAID,Chennai
10844,1122,2023-01-19,2023-07-18,Grocery,5,4551.75,,Mumbai
10845,1049,2023-04-10,2023-04-23,Clothing,-1,1008.44,PENDING,Delhi
10846,1011,2023-03-01,2023-02-26,Grocery,4,2110.61,FAILED,Hyderabad
10847,1192,2023-06-16,2023-06-29,Furniture,1,2271.81,PAID,Delhi
10848,1053,2023-07-21,2023-07-06,,3,3015.1,PAID,Bangalore
10849,1132,2023-12-11,2023-08-07,Electronics,6,405.09,PENDING,Bangalore
10850,1056,2023-05-26,2023-11-13,Grocery,6,1172.46,FAILED,Bangalore
10851,1144,2023-06-13,2023-08-06,Grocery,11,4660.88,PAID,
10852,1111,2023-08-30,2023-05-01,Grocery,5,4546.63,FAILED,Mumbai
10853,1046,2023-03-10,2023-06-25,Electronics,0,3917.39,PAID,Bangalore
10854,1150,2023-06-24,2023-01-24,Electronics,2,146.04,PAID,Hyderabad
10855,1084,2023-02-18,2023-08-02,Furniture,11,1668.68,PAID,Bangalore
10856,1141,2023-04-18,2023-08-24,Grocery,1,3158.4,PAID,Mumbai
10857,1065,2023-08-14,2023-01-14,Grocery,4,1412.19,PAID,Bangalore
10858,1074,2023-06-10,2023-04-12,,9,4552.45,PAID,Delhi
10859,1178,2023-04-29,2023-01-25,Furniture,-1,3187.75,PAID,Mumbai
10860,1102,2023-05-29,2023-12-31,Electronics,8,405.94,FAILED,Hyderabad
10861,1165,2023-05-30,2023-01-12,Clothing,11,4549.58,PAID,Bangalore
10862,1191,2023-10-20,2023-10-01,Grocery,13,4790.94,PAID,
10863,1037,2023-05-23,2023-10-09,Furniture,3,434.68,PAID,Hyderabad
10864,1049,2023-06-09,2023-04-05,Furniture,1,2685.18,PAID,Chennai
10865,1097,2023-01-11,2023-07-21,Clothing,12,1551.65,PENDING,Mumbai
10866,1081,2023-05-18,2023-01-22,Grocery,-2,1994.55,PAID,Delhi
10867,1029,2023-03-19,2023-12-07,Furniture,4,939.27,PENDING,Mumbai
10868,1078,2023-03-18,2023-07-31,Electronics,9,2911.46,PENDING,
10869,1090,2023-09-11,2023-05-21,Electronics,7,4792.0,PAID,Mumbai
10870,1178,2023-09-15,2023-10-21,Grocery,2,2540.21,PAID,Delhi
10871,1190,2023-11-16,2023-10-26,Electronics,9,460.43,PAID,Bangalore
10872,1051,2023-10-18,2023-04-12,Electronics,7,3119.01,PAID,Delhi
10873,1165,2023-09-20,2023-11-01,Furniture,3,1734.1,PENDING,Mumbai
10874,1078,2023-03-26,2023-12-26,,9,4286.83,PAID,Bangalore
10875,1029,2023-05-26,2023-01-29,Grocery,4,2201.66,PAID,Mumbai
10876,1105,2023-11-19,2023-02-11,Grocery,-1,1004.56,PAID,Mumbai
10877,1050,2023-02-11,2023-12-22,Grocery,7,995.97,PAID,Delhi
10878,1080,2023-05-05,2023-10-31,Grocery,12,3855.38,PAID,Chennai
10879,1132,2023-06-16,2023-05-27,Electronics,9,1364.66,PAID,Bangalore
10880,1028,2023-08-29,2023-09-14,,14,3847.81,PAID,Delhi
10881,1131,2023-10-07,2023-08-16,Electronics,1,1069.14,PAID,Bangalore
10882,1137,2023-07-07,2023-08-25,Grocery,4,1642.35,PENDING,Delhi
10883,1183,2023-10-29,2023-12-28,Electronics,6,2354.16,FAILED,
10884,1144,2023-01-19,2023-01-14,Furniture,4,4718.82,PAID,Mumbai
10885,1073,2023-03-09,2023-07-30,Furniture,-1,4662.07,PAID,Chennai
10886,1016,2023-08-06,2023-08-18,,3,1074.02,,Hyderabad
10887,1083,2023-04-12,2023-04-11,Furniture,3,1823.18,PAID,Hyderabad
10888,1068,2023-02-11,2023-02-01,Grocery,10,789.53,PAID,Mumbai
10889,1033,2023-10-15,2023-01-17,Electronics,-1,2574.43,PAID,Delhi
10890,1005,2023-06-16,2023-05-18,Clothing,9,2329.88,PENDING,Chennai
10891,1052,2023-04-19,2023-11-26,Grocery,12,4508.76,PAID,Mumbai
10892,1193,2023-02-05,2023-06-16,Clothing,11,4653.53,,Hyderabad
10893,1125,2023-08-20,2023-11-07,Electronics,3,1948.66,PENDING,Chennai
10894,1042,2023-08-17,2023-04-11,Electronics,2,2484.1,PENDING,Chennai
10895,1114,2023-12-19,2023-04-20,Clothing,0,4486.37,PENDING,Mumbai
10896,1110,2023-06-13,2023-12-10,Clothing,0,4043.2,PAID,Chennai
10897,1150,2023-03-14,2023-06-23,Furniture,7,68.1,PAID,Chennai
10898,1182,2023-05-16,2023-08-26,Electronics,0,1634.29,FAILED,Hyderabad
10899,1079,2023-12-19,2023-06-12,Clothing,9,2137.78,,Mumbai
10900,1094,2023-03-11,2023-08-05,Electronics,13,1187.1,PAID,Mumbai
10901,1117,2023-07-15,2023-09-22,Electronics,14,1037.88,,Delhi
10902,1143,2023-09-26,2023-09-21,Grocery,4,237.03,PAID,Mumbai
10903,1007,2023-02-18,2023-10-20,Electronics,10,3234.68,PAID,Bangalore
10904,1131,2023-11-12,2023-10-02,Electronics,-1,1349.43,PAID,
10905,1103,2023-05-10,2023-01-04,Grocery,1,309.12,PAID,Delhi
10906,1131,2023-01-05,2023-01-29,Grocery,7,1193.35,PAID,Hyderabad
10907,1183,2023-01-27,2023-11-23,Electronics,4,4019.47,PAID,Mumbai
10908,1024,2023-06-09,2023-05-30,Electronics,14,4264.87,PAID,Mumbai
10909,1194,2023-05-29,2023-01-29,Electronics,3,2441.18,PAID,Mumbai
10910,1095,2023-09-21,2023-11-07,Electronics,2,2109.55,PAID,Delhi
10911,1194,2023-08-18,2023-03-07,Clothing,7,4890.38,,
10912,1154,2023-07-19,2023-12-23,Grocery,6,1042.8,PAID,Mumbai
10913,1092,2023-02-19,2023-01-22,Grocery,10,1116.03,PAID,Bangalore
10914,1159,2023-03-08,2023-09-10,Grocery,3,1494.74,PAID,Bangalore
10915,1177,2023-10-27,2023-08-24,Clothing,1,905.15,PAID,
10916,1060,2023-02-27,2023-08-16,Furniture,0,1927.86,PENDING,Mumbai
10917,1121,2023-09-16,2023-01-14,Furniture,0,4558.63,PAID,Mumbai
10918,1050,2023-12-08,2023-11-10,Furniture,1,3095.97,PENDING,Mumbai
10919,1146,2023-11-22,2023-02-19,Grocery,2,2089.14,PAID,Delhi
10920,1020,2023-05-10,2023-04-29,Clothing,5,4675.33,PAID,Delhi
10921,1004,2023-08-03,2023-02-24,Clothing,13,289.9,PAID,Hyderabad
10922,1091,2023-06-21,2023-05-19,Electronics,0,1090.87,PAID,Bangalore
10923,1169,2023-09-15,2023-02-23,Electronics,9,2851.15,PAID,Bangalore
10924,1060,2023-04-12,2023-02-14,Grocery,5,3096.99,PAID,Bangalore
10925,1021,2023-07-28,2023-10-31,,10,245.81,PAID,Mumbai
10926,1148,2023-10-18,2023-02-23,Clothing,1,2045.04,PAID,Delhi
10927,1069,2023-12-20,2023-03-16,Furniture,11,3263.31,,
10928,1000,2023-10-13,2023-02-16,Grocery,11,3505.45,PAID,Hyderabad
10929,1132,2023-04-26,2023-01-14,Grocery,10,3208.79,PAID,Hyderabad
10930,1011,2023-09-21,2023-06-15,Electronics,3,1636.79,PAID,Hyderabad
10931,1089,2023-05-30,2023-04-13,Electronics,14,512.92,PAID,Mumbai
10932,1045,2023-10-27,2023-10-08,Furniture,1,2164.21,PAID,Mumbai
10933,1033,2023-02-05,2023-09-16,Clothing,5,687.33,FAILED,Mumbai
10934,1176,2023-11-29,2023-12-04,Grocery,14,4740.74,,Delhi
10935,1077,2023-10-14,2023-12-23,Furniture,0,2402.1,PAID,Mumbai
10936,1044,2023-10-30,2023-05-19,Electronics,14,1620.43,PAID,Bangalore
10937,1154,2023-11-07,2023-06-13,,6,3843.21,PAID,Chennai
10938,1072,2023-07-27,2023-04-22,Grocery,-1,2514.85,PENDING,Hyderabad
10939,1025,2023-04-16,2023-04-13,Grocery,10,1584.67,PAID,Chennai
10940,1046,2023-06-07,2023-01-18,Grocery,-1,4069.24,PAID,
10941,1120,2023-05-01,2023-09-26,Electronics,8,4342.4,PAID,Mumbai
10942,1055,2023-02-24,2023-07-02,Electronics,12,3381.39,PENDING,Mumbai
10943,1093,2023-01-12,2023-01-25,Clothing,8,282.47,PAID,Chennai
10944,1106,2023-05-25,2023-01-30,Furniture,0,2853.3,PAID,Delhi
10945,1062,2023-05-16,2023-06-21,Furniture,0,3828.31,PENDING,Delhi
10946,1047,2023-01-03,2023-08-17,Electronics,9,725.69,PAID,Delhi
10947,1060,2023-05-24,2023-07-08,Clothing,2,1181.92,FAILED,Delhi
10948,1080,2023-01-30,2023-12-13,Electronics,4,4418.35,PAID,Bangalore
10949,1025,2023-08-25,2023-08-19,Electronics,4,149.6,PENDING,Delhi
10950,1035,2023-10-06,2023-11-18,Clothing,10,3776.0,PENDING,Bangalore
10951,1000,2023-12-14,2023-12-07,Clothing,6,2395.18,PAID,Chennai
10952,1007,2023-04-25,2023-04-30,Electronics,10,2261.52,PENDING,Delhi
10953,1112,2023-04-14,2023-06-06,Electronics,9,85.13,PAID,Delhi
10954,1098,2023-04-28,2023-09-30,,10,4106.02,,Mumbai
10955,1179,2023-01-05,2023-06-25,Electronics,7,1831.13,PAID,Delhi
10956,1046,2023-12-26,2023-04-15,Grocery,-2,2726.79,PENDING,Chennai
10957,1126,2023-09-05,2023-04-03,Clothing,5,3402.64,PAID,Chennai
10958,1055,2023-12-30,2023-07-06,Electronics,13,3528.02,,Chennai
10959,1013,2023-11-17,2023-10-11,Electronics,10,4782.1,PAID,Mumbai
10960,1027,2023-05-01,2023-07-01,Grocery,0,2680.13,,Bangalore
10961,1077,2023-10-13,2023-06-20,Furniture,0,2028.61,,Bangalore
10962,1129,2023-05-29,2023-07-07,Clothing,2,4770.83,PAID,Bangalore
10963,1108,2023-03-25,2023-06-25,Clothing,8,3228.45,FAILED,Bangalore
10964,1153,2023-08-19,2023-08-11,,4,1525.84,,Bangalore
10965,1013,2023-10-15,2023-08-22,Furniture,7,676.0,PAID,Bangalore
10966,1186,2023-06-10,2023-06-12,Grocery,7,4220.64,PAID,Chennai
10967,1055,2023-09-29,2023-05-15,Grocery,-1,1842.8,PAID,Mumbai
10968,1114,2023-02-07,2023-08-13,Clothing,0,3319.33,PAID,Chennai
10969,1006,2023-08-14,2023-06-03,Clothing,5,2380.54,PAID,Mumbai
10970,1002,2023-05-22,2023-02-03,Clothing,8,1034.7,PAID,Mumbai
10971,1110,2023-10-19,2023-02-25,Clothing,10,3028.35,PAID,
10972,1150,2023-05-31,2023-01-08,Electronics,4,350.38,PAID,
10973,1106,2023-04-24,2023-09-02,Grocery,10,2096.05,PAID,Mumbai
10974,1017,2023-08-25,2023-11-10,Grocery,-1,2755.74,FAILED,Delhi
10975,1037,2023-03-07,2023-05-07,Electronics,3,2208.43,PENDING,Mumbai
10976,1114,2023-12-27,2023-01-13,Electronics,6,3755.93,PAID,Bangalore
10977,1014,2023-12-07,2023-01-17,Clothing,-1,4148.23,PENDING,Hyderabad
10978,1191,2023-09-15,2023-07-28,Clothing,13,3867.65,PENDING,
10979,1118,2023-09-06,2023-02-13,Grocery,9,242.12,,Bangalore
10980,1027,2023-11-27,2023-05-16,Grocery,4,1010.94,PAID,Delhi
10981,1038,2023-11-19,2023-08-17,Grocery,4,2706.21,PAID,Bangalore
10982,1184,2023-06-29,2023-04-22,Electronics,14,4677.37,,Delhi
10983,1016,2023-07-09,2023-11-04,Clothing,10,4183.04,,
10984,1085,2023-06-03,2023-06-10,Furniture,8,4220.55,PENDING,Hyderabad
10985,1125,2023-07-15,2023-11-28,Furniture,3,1550.88,PENDING,Bangalore
10986,1043,2023-11-07,2023-09-22,Clothing,11,2175.77,PAID,Delhi
10987,1024,2023-09-19,2023-08-14,Clothing,3,2379.99,PAID,Delhi
10988,1144,2023-05-23,2023-08-06,Electronics,3,828.99,PAID,Mumbai
10989,1012,2023-12-08,2023-02-15,Grocery,-1,203.79,PAID,Hyderabad
10990,1024,2023-11-12,2023-08-03,Electronics,12,4737.17,FAILED,Bangalore
10991,1067,2023-04-11,2023-03-01,,14,1241.53,PAID,Delhi
10992,1137,2023-09-01,2023-05-13,Electronics,5,1237.75,PAID,Bangalore
10993,1066,2023-01-12,2023-04-15,Electronics,2,462.73,,Hyderabad
10994,1108,2023-08-27,2023-07-15,Furniture,14,4646.11,PAID,Mumbai
10995,1145,2023-02-18,2023-06-07,,-2,2919.7,,Hyderabad
10996,1110,2023-02-11,2023-04-09,Furniture,12,3351.83,,Hyderabad
10997,1110,2023-06-15,2023-08-15,Electronics,2,4562.31,PAID,
10998,1033,2023-03-23,2023-07-25,Electronics,4,1760.82,PAID,Delhi
10999,1110,2023-10-18,2023-03-21,Grocery,3,3126.46,PAID,Mumbai
11000,1007,2023-06-07,2023-05-05,Electronics,2,242.06,PAID,Delhi
11001,1167,2023-08-04,2023-08-07,Electronics,7,974.52,PAID,Delhi
11002,1112,2023-06-07,2023-01-05,Grocery,12,4164.67,PAID,Mumbai
11003,1082,2023-05-14,2023-04-01,,7,3845.5,,Bangalore
11004,1041,2023-03-08,2023-04-15,Grocery,13,1785.68,PAID,Bangalore
11005,1168,2023-12-02,2023-04-30,Clothing,9,1915.21,PENDING,Hyderabad
11006,1100,2023-01-07,2023-05-14,Clothing,-2,2691.09,PAID,Mumbai
11007,1005,2023-01-14,2023-11-09,Grocery,13,51.19,PAID,Bangalore
11008,1179,2023-03-14,2023-04-07,Clothing,3,1244.16,,Chennai
11009,1025,2023-06-12,2023-11-28,Electronics,0,1080.75,PAID,Chennai
11010,1063,2023-03-07,2023-05-24,Electronics,-1,1289.89,PAID,Hyderabad
11011,1186,2023-12-13,2023-10-16,Furniture,-1,4039.23,PENDING,Chennai
11012,1183,2023-05-10,2023-01-29,Electronics,10,1434.39,PENDING,
11013,1058,2023-07-25,2023-10-06,,6,998.03,PENDING,Delhi
11014,1108,2023-10-03,2023-08-22,Electronics,13,2546.1,PAID,Bangalore
11015,1197,2023-09-13,2023-01-18,Clothing,2,4334.94,PAID,Mumbai
11016,1120,2023-09-23,2023-03-01,Grocery,4,1244.68,,Mumbai
11017,1032,2023-01-25,2023-04-01,Electronics,10,438.75,,Mumbai
11018,1180,2023-10-08,2023-07-19,Electronics,10,1814.2,PAID,Mumbai
11019,1149,2023-09-10,2023-12-29,Clothing,4,3750.88,FAILED,Delhi
11020,1020,2023-11-06,2023-01-27,Furniture,7,2775.92,PAID,Mumbai
11021,1197,2023-10-16,2023-01-26,Furniture,12,4093.13,PAID,Mumbai
11022,1069,2023-06-13,2023-10-29,Grocery,3,4799.98,PAID,
11023,1111,2023-04-05,2023-12-06,Furniture,2,3973.68,PAID,Mumbai
11024,1003,2023-09-27,2023-09-25,Clothing,-1,3038.83,PAID,Chennai
11025,1093,2023-11-17,2023-07-01,Furniture,12,2492.04,PAID,Mumbai
11026,1074,2023-04-20,2023-12-27,Grocery,13,248.34,PAID,
11027,1189,2023-12-02,2023-03-10,Clothing,6,4922.39,PENDING,Hyderabad
11028,1061,2023-11-06,2023-12-18,Furniture,4,1948.23,PENDING,Chennai
11029,1093,2023-08-26,2023-11-18,Grocery,1,803.53,PENDING,Chennai
11030,1094,2023-01-25,2023-02-19,Furniture,0,3350.21,,Mumbai
11031,1151,2023-05-21,2023-06-25,Clothing,8,1457.23,PAID,
11032,1054,2023-04-27,2023-02-22,Electronics,-2,2949.6,PAID,Hyderabad
11033,1136,2023-01-25,2023-04-13,Electronics,3,2954.5,PENDING,Hyderabad
11034,1130,2023-03-20,2023-08-05,Grocery,8,2256.36,PAID,Chennai
11035,1030,2023-03-09,2023-07-08,Clothing,-2,4188.79,PAID,Delhi
11036,1039,2023-06-22,2023-02-27,Furniture,4,1361.59,PAID,Hyderabad
11037,1035,2023-01-12,2023-02-17,Electronics,3,2270.73,FAILED,Delhi
11038,1151,2023-10-15,2023-06-09,Furniture,11,2711.58,PAID,Bangalore
11039,1005,2023-05-08,2023-06-24,Furniture,-1,3334.94,FAILED,Mumbai
11040,1065,2023-04-06,2023-08-31,Electronics,1,3930.66,PAID,
11041,1074,2023-04-02,2023-10-10,Furniture,8,2004.3,PENDING,Mumbai
11042,1003,2023-05-21,2023-08-30,,12,3247.93,FAILED,Mumbai
11043,1078,2023-01-31,2023-01-06,Furniture,-2,795.52,PENDING,Bangalore
11044,1133,2023-11-30,2023-03-26,Furniture,0,4666.61,PAID,Chennai
11045,1117,2023-01-20,2023-11-05,,0,1946.14,PAID,Bangalore
11046,1112,2023-05-26,2023-12-28,Clothing,4,3661.13,FAILED,Mumbai
11047,1093,2023-11-12,2023-09-06,Grocery,-2,150.69,PAID,Mumbai
11048,1178,2023-06-09,2023-02-24,Furniture,8,1065.68,PAID,Chennai
11049,1061,2023-12-15,2023-06-11,Clothing,3,2461.06,PAID,
11050,1184,2023-02-12,2023-08-15,Clothing,0,4397.35,,Hyderabad
11051,1193,2023-09-11,2023-01-16,Grocery,-1,2659.91,PAID,Bangalore
11052,1078,2023-05-10,2023-08-13,Furniture,9,4652.86,PENDING,
11053,1135,2023-03-01,2023-03-03,Electronics,7,2444.79,PAID,Delhi
11054,1025,2023-05-31,2023-05-03,,2,2477.72,PAID,Bangalore
11055,1178,2023-10-14,2023-10-05,Grocery,6,642.75,PENDING,Bangalore
11056,1172,2023-01-05,2023-02-16,Electronics,-1,4023.15,PAID,Delhi
11057,1043,2023-09-23,2023-10-22,Grocery,-1,1272.48,PAID,Chennai
11058,1132,2023-12-11,2023-03-04,Electronics,3,4503.08,PENDING,Bangalore
11059,1069,2023-05-10,2023-03-28,Clothing,7,4558.58,FAILED,Delhi
11060,1153,2023-09-24,2023-07-30,,9,4719.39,PAID,Delhi
11061,1117,2023-06-27,2023-03-20,Furniture,1,2625.14,FAILED,Mumbai
11062,1067,2023-09-10,2023-07-22,Electronics,14,3401.61,PENDING,Bangalore
11063,1018,2023-02-25,2023-10-30,Electronics,12,3903.65,FAILED,Mumbai
11064,1019,2023-03-24,2023-08-12,Furniture,3,698.52,PAID,Mumbai
11065,1112,2023-04-09,2023-08-11,,13,3024.74,PAID,Chennai
11066,1139,2023-05-29,2023-01-04,Grocery,14,219.77,,Chennai
11067,1046,2023-11-25,2023-01-07,Grocery,0,2512.95,FAILED,Chennai
11068,1000,2023-06-05,2023-04-04,Grocery,7,816.47,PAID,Bangalore
11069,1089,2023-07-09,2023-01-09,Furniture,2,955.47,PAID,Hyderabad
11070,1141,2023-09-20,2023-08-24,Clothing,11,1856.99,PAID,
11071,1063,2023-03-21,2023-04-19,Grocery,10,2190.56,PAID,Hyderabad
11072,1037,2023-09-09,2023-06-11,Grocery,3,3134.7,PAID,Bangalore
11073,1036,2023-04-07,2023-07-29,Furniture,9,418.42,PAID,Delhi
11074,1125,2023-09-17,2023-08-29,Electronics,5,2543.27,FAILED,
11075,1138,2023-09-17,2023-11-28,Grocery,2,953.99,PAID,Delhi
11076,1099,2023-04-13,2023-11-30,Clothing,12,2891.18,PENDING,Mumbai
11077,1076,2023-02-09,2023-02-20,Electronics,13,3205.15,PAID,Delhi
11078,1002,2023-09-30,2023-01-12,Electronics,-2,2805.71,PAID,Mumbai
11079,1160,2023-04-11,2023-12-18,Furniture,13,3704.56,PAID,
11080,1133,2023-12-25,2023-06-06,Furniture,2,1711.27,PAID,Bangalore
11081,1177,2023-11-04,2023-03-12,Furniture,0,3837.28,PENDING,Bangalore
11082,1009,2023-08-09,2023-06-19,Furniture,12,2192.2,FAILED,Chennai
11083,1004,2023-11-04,2023-09-30,Clothing,10,2446.71,PAID,Bangalore
11084,1150,2023-05-04,2023-03-10,Furniture,13,3258.11,PAID,Mumbai
11085,1137,2023-08-19,2023-12-22,Grocery,8,140.87,PAID,Bangalore
11086,1171,2023-06-27,2023-09-10,Clothing,-1,3287.27,FAILED,Chennai
11087,1129,2023-03-04,2023-02-18,,3,3112.0,PENDING,Delhi
11088,1012,2023-04-26,2023-07-04,Electronics,3,1583.74,PAID,Chennai
11089,1167,2023-07-10,2023-11-17,Grocery,11,474.68,PENDING,Mumbai
11090,1129,2023-03-03,2023-07-07,Grocery,8,500.13,FAILED,Mumbai
11091,1083,2023-09-13,2023-04-01,Electronics,5,4619.96,PAID,Mumbai
11092,1064,2023-01-07,2023-11-29,Electronics,5,3461.93,PAID,Delhi
11093,1062,2023-06-04,2023-05-20,Furniture,-2,679.16,,Hyderabad
11094,1100,2023-04-02,2023-12-24,,4,1815.78,PENDING,Hyderabad
11095,1072,2023-01-14,2023-03-31,Grocery,3,2982.79,PAID,Delhi
11096,1016,2023-08-17,2023-10-02,Electronics,5,4186.08,PAID,Bangalore
11097,1008,2023-03-27,2023-01-20,Electronics,5,266.12,PAID,Chennai
11098,1142,2023-05-13,2023-11-08,Furniture,11,1221.33,PAID,Mumbai
11099,1151,2023-07-02,2023-12-25,Grocery,13,4454.26,PENDING,Mumbai
11100,1037,2023-03-03,2023-06-04,Grocery,6,95.37,PAID,
11101,1162,2023-08-07,2023-09-18,Grocery,12,1046.93,PENDING,Bangalore
11102,1093,2023-09-03,2023-04-19,Grocery,7,4797.17,FAILED,
11103,1094,2023-08-18,2023-10-13,Grocery,13,3086.34,PAID,Delhi
11104,1048,2023-03-20,2023-03-01,Furniture,1,1345.27,PAID,Chennai
11105,1068,2023-05-29,2023-05-06,Clothing,10,381.61,PAID,Mumbai
11106,1061,2023-05-18,2023-12-21,Clothing,2,189.55,PENDING,Delhi
11107,1187,2023-11-10,2023-10-01,Grocery,4,1261.49,PAID,Bangalore
11108,1177,2023-03-06,2023-04-18,Furniture,6,4413.35,PENDING,Delhi
11109,1077,2023-01-13,2023-10-27,Clothing,5,2108.77,FAILED,Mumbai
11110,1116,2023-08-01,2023-09-03,Electronics,13,3615.65,PAID,Delhi
11111,1119,2023-08-30,2023-12-03,Clothing,3,4595.51,,Mumbai
11112,1136,2023-08-01,2023-09-05,Grocery,13,2069.8,,Chennai
11113,1161,2023-06-30,2023-01-09,Furniture,3,996.82,PAID,Bangalore
11114,1075,2023-12-04,2023-05-22,Grocery,11,2609.73,PAID,Mumbai
11115,1034,2023-06-22,2023-12-29,,-2,4545.01,,Mumbai
11116,1000,2023-06-09,2023-01-09,Electronics,6,4031.65,,Mumbai
11117,1039,2023-06-13,2023-12-19,Furniture,10,375.86,PAID,Bangalore
11118,1063,2023-07-07,2023-04-05,Clothing,14,3478.24,PAID,Mumbai
11119,1149,2023-07-10,2023-11-18,Furniture,8,2880.89,PAID,Chennai
11120,1059,2023-11-04,2023-02-09,Grocery,5,4541.94,,Mumbai
11121,1063,2023-09-13,2023-03-23,Grocery,2,656.28,PAID,Mumbai
11122,1092,2023-07-02,2023-07-07,Furniture,7,2693.48,PAID,Hyderabad
11123,1071,2023-04-27,2023-03-26,Electronics,4,4403.34,FAILED,Chennai
11124,1010,2023-10-09,2023-03-30,Electronics,7,2079.62,PAID,Mumbai
11125,1104,2023-07-15,2023-08-31,Clothing,1,2435.87,PENDING,Hyderabad
11126,1013,2023-02-03,2023-12-09,Clothing,6,398.78,PAID,Bangalore
11127,1059,2023-02-21,2023-04-04,Grocery,11,1426.81,FAILED,Hyderabad
11128,1029,2023-04-22,2023-03-28,Grocery,-1,1656.31,PAID,Bangalore
11129,1034,2023-09-09,2023-02-14,Grocery,6,4728.36,PENDING,Chennai
11130,1164,2023-03-23,2023-05-18,Furniture,-2,1449.2,PENDING,
11131,1004,2023-08-20,2023-03-16,Clothing,7,2331.3,PAID,Mumbai
11132,1082,2023-08-15,2023-02-06,Furniture,7,3372.96,PAID,Bangalore
11133,1122,2023-08-21,2023-04-12,,0,852.81,PAID,Bangalore
11134,1077,2023-08-09,2023-06-06,Grocery,3,2457.89,PAID,Mumbai
11135,1153,2023-02-11,2023-09-13,Electronics,3,3705.77,FAILED,Mumbai
11136,1061,2023-01-21,2023-06-21,Electronics,-1,4340.93,FAILED,Mumbai
11137,1131,2023-02-11,2023-08-05,Grocery,-1,3149.98,PAID,Bangalore
11138,1088,2023-04-23,2023-06-20,,9,3361.81,PENDING,Bangalore
11139,1041,2023-04-15,2023-09-10,Clothing,2,675.1,PENDING,Bangalore
11140,1088,2023-07-11,2023-12-27,Grocery,4,4731.59,FAILED,Mumbai
11141,1145,2023-01-17,2023-11-19,Grocery,13,706.24,PAID,Bangalore
11142,1039,2023-04-30,2023-02-25,Clothing,-2,3884.63,PAID,
11143,1071,2023-05-09,2023-04-02,Clothing,-2,1360.84,PAID,Delhi
11144,1038,2023-05-10,2023-10-06,Electronics,14,4671.29,PAID,Bangalore
11145,1103,2023-03-01,2023-04-12,,-2,3613.8,PAID,Chennai
11146,1013,2023-02-17,2023-06-05,Clothing,10,3781.38,PAID,Chennai
11147,1031,2023-01-29,2023-12-16,Electronics,6,1134.34,PAID,Bangalore
11148,1178,2023-04-07,2023-12-31,Furniture,12,2243.05,PENDING,Hyderabad
11149,1124,2023-01-10,2023-05-22,Electronics,0,3108.18,PAID,Delhi
11150,1165,2023-08-30,2023-06-23,,11,3861.37,PAID,Hyderabad
11151,1096,2023-11-10,2023-01-11,,8,564.6,PAID,Mumbai
11152,1022,2023-08-20,2023-08-17,Furniture,9,4813.71,PAID,Delhi
11153,1062,2023-10-04,2023-09-23,Furniture,10,4456.59,PAID,Mumbai
11154,1142,2023-10-11,2023-09-06,Grocery,10,1388.23,PAID,Chennai
11155,1152,2023-07-22,2023-09-05,,-2,4122.66,PAID,Delhi
11156,1144,2023-09-04,2023-06-05,Clothing,7,2615.7,PAID,Mumbai
11157,1193,2023-10-17,2023-02-04,Furniture,0,2335.94,PAID,Mumbai
11158,1052,2023-09-21,2023-05-10,,1,1606.45,PAID,
11159,1103,2023-08-02,2023-06-10,,13,2925.79,FAILED,Hyderabad
11160,1103,2023-07-19,2023-03-31,Furniture,5,3662.95,PAID,Bangalore
11161,1178,2023-03-20,2023-04-04,Grocery,13,2084.12,PAID,Bangalore
11162,1038,2023-12-09,2023-11-24,,14,3164.64,PAID,Bangalore
11163,1178,2023-12-10,2023-08-30,Clothing,12,3511.6,PAID,Delhi
11164,1197,2023-06-22,2023-11-20,,13,3570.05,PAID,
11165,1133,2023-03-10,2023-04-28,Clothing,12,307.23,PAID,Mumbai
11166,1066,2023-03-28,2023-04-05,Grocery,-1,4305.75,PENDING,Delhi
11167,1134,2023-04-11,2023-06-13,Grocery,8,2318.35,PAID,Delhi
11168,1178,2023-01-08,2023-04-10,Clothing,-2,1348.96,PAID,Bangalore
11169,1199,2023-11-29,2023-04-24,Furniture,12,1246.73,FAILED,Bangalore
11170,1041,2023-07-19,2023-12-26,Grocery,1,2440.92,,Bangalore
11171,1191,2023-03-28,2023-04-02,Clothing,8,4439.82,PAID,Mumbai
11172,1014,2023-02-12,2023-12-13,Grocery,2,1922.82,PAID,Bangalore
11173,1110,2023-04-19,2023-07-26,Furniture,0,3761.14,PAID,Mumbai
11174,1156,2023-06-01,2023-01-18,Grocery,10,529.25,PAID,Mumbai
11175,1032,2023-01-17,2023-10-02,Electronics,7,2406.48,PAID,Mumbai
11176,1154,2023-05-13,2023-06-23,Electronics,8,4958.85,PAID,Chennai
11177,1163,2023-05-28,2023-04-27,Electronics,-1,3863.67,PENDING,Delhi
11178,1156,2023-10-04,2023-12-16,Grocery,4,1092.12,PAID,Bangalore
11179,1037,2023-08-20,2023-07-01,Electronics,6,2532.14,PAID,Chennai
11180,1184,2023-11-10,2023-04-02,Electronics,7,1206.44,PAID,Chennai
11181,1096,2023-08-16,2023-03-24,,4,2077.33,FAILED,Bangalore
11182,1154,2023-05-19,2023-11-21,Furniture,4,3911.42,PAID,Delhi
11183,1182,2023-07-30,2023-04-25,Grocery,0,3867.56,PENDING,Delhi
11184,1032,2023-01-28,2023-09-15,,9,1179.1,PAID,Bangalore
11185,1195,2023-02-20,2023-02-28,Electronics,4,4615.01,PAID,Bangalore
11186,1085,2023-09-18,2023-06-04,Clothing,14,2983.21,PAID,Hyderabad
11187,1065,2023-09-18,2024-01-01,Clothing,-2,1930.63,PAID,Hyderabad
11188,1009,2023-12-16,2023-04-27,Grocery,2,2534.58,PAID,Mumbai
11189,1004,2023-12-18,2023-12-10,Grocery,13,3045.1,PAID,Mumbai
11190,1122,2023-01-08,2023-09-24,Grocery,12,2821.46,PAID,Bangalore
11191,1073,2023-11-16,2023-11-12,Grocery,-1,2457.7,PENDING,Delhi
11192,1096,2023-05-18,2023-07-23,Furniture,6,2549.42,PAID,Mumbai
11193,1117,2023-02-07,2023-02-11,Electronics,4,923.24,PAID,Hyderabad
11194,1037,2023-04-21,2023-04-16,Electronics,1,4073.03,PAID,Mumbai
11195,1140,2023-08-08,2023-07-13,Electronics,1,2731.71,PENDING,
11196,1158,2023-12-03,2023-10-06,Grocery,10,698.85,,Chennai
11197,1046,2023-08-11,2023-12-21,Clothing,-2,3842.48,PAID,Chennai
11198,1108,2023-05-16,2023-08-26,Electronics,0,4665.6,PAID,Mumbai
11199,1179,2023-09-13,2023-08-10,Furniture,13,4739.17,PAID,Mumbai
11200,1183,2023-12-26,2023-03-10,Grocery,1,1876.64,,Bangalore
11201,1014,2023-11-25,2023-07-17,Electronics,13,720.81,FAILED,Mumbai
11202,1156,2023-02-18,2023-09-14,Clothing,-2,2616.08,PAID,Delhi
11203,1135,2023-10-19,2023-05-20,Electronics,2,607.42,PAID,Delhi
11204,1004,2023-11-20,2023-11-09,Clothing,8,4673.24,PAID,Mumbai
11205,1156,2023-03-19,2023-05-30,Clothing,10,958.72,PAID,Mumbai
11206,1046,2023-04-15,2023-04-10,Electronics,2,1301.19,PENDING,Chennai
11207,1067,2023-06-18,2023-03-18,Electronics,1,2062.85,PAID,Mumbai
11208,1075,2023-08-05,2023-10-10,Grocery,1,1946.66,PAID,Mumbai
11209,1172,2023-04-29,2023-04-20,Electronics,1,3983.58,PENDING,Bangalore
11210,1129,2023-07-09,2023-07-08,Electronics,1,2308.77,FAILED,
11211,1154,2023-09-12,2023-07-19,Grocery,13,895.3,PAID,Delhi
11212,1094,2023-09-23,2023-10-31,Grocery,6,1372.69,PENDING,Mumbai
11213,1114,2023-05-29,2023-11-24,Clothing,-1,2570.11,PAID,Bangalore
11214,1163,2023-06-13,2023-06-04,Clothing,1,779.9,FAILED,
11215,1035,2023-05-20,2023-02-10,Clothing,9,3077.7,FAILED,Chennai
11216,1025,2023-12-13,2023-05-14,Electronics,4,2850.45,PAID,Bangalore
11217,1042,2023-09-15,2023-05-13,Electronics,12,3587.78,PENDING,Delhi
11218,1026,2023-09-26,2023-10-07,Furniture,4,4691.64,FAILED,Bangalore
11219,1068,2023-06-30,2023-12-29,Clothing,14,4565.66,PAID,Mumbai
11220,1147,2023-06-09,2023-03-26,Furniture,13,4733.07,PAID,Chennai
11221,1010,2023-12-17,2023-08-31,Grocery,6,1261.34,PENDING,Chennai
11222,1073,2023-10-15,2023-04-27,Clothing,11,701.25,PAID,
11223,1103,2023-10-15,2023-04-20,Clothing,14,1546.27,PAID,Delhi
11224,1037,2023-08-14,2023-08-10,Grocery,2,4480.67,FAILED,Mumbai
11225,1133,2023-01-11,2023-02-11,Grocery,-1,4861.66,PENDING,Bangalore
11226,1199,2023-01-10,2024-01-04,Clothing,13,4303.66,PAID,Chennai
11227,1022,2023-09-28,2023-05-28,Electronics,11,594.59,PAID,Chennai
11228,1046,2023-09-30,2023-04-23,Grocery,11,4739.77,PAID,Mumbai
11229,1089,2023-07-02,2023-04-14,Furniture,-2,2145.62,PAID,Delhi
11230,1045,2023-06-02,2023-02-16,,0,96.09,PAID,Bangalore
11231,1106,2023-11-11,2023-11-21,Grocery,4,2239.85,PENDING,Delhi
11232,1139,2023-11-30,2023-09-29,Grocery,12,278.04,PAID,Hyderabad
11233,1140,2023-05-04,2023-07-15,Electronics,-1,2742.2,PAID,Bangalore
11234,1103,2023-04-24,2024-01-03,Clothing,6,1725.84,PAID,Chennai
11235,1189,2023-10-05,2023-10-08,Grocery,2,2393.5,,Bangalore
11236,1110,2023-08-01,2023-10-11,,13,3085.19,PAID,Chennai
11237,1103,2023-06-21,2023-02-10,Grocery,1,4350.57,PAID,Delhi
11238,1059,2023-10-15,2023-07-09,Grocery,9,3326.41,PAID,Hyderabad
11239,1170,2023-06-23,2023-06-14,Clothing,4,2198.54,PAID,Delhi
11240,1099,2023-04-23,2023-01-25,Furniture,11,4106.17,PAID,Bangalore
11241,1067,2023-05-02,2023-01-25,Grocery,9,4532.63,PAID,Mumbai
11242,1132,2023-02-01,2023-01-05,Grocery,0,642.81,PAID,Bangalore
11243,1119,2023-08-10,2023-11-20,,2,2683.07,PAID,Delhi
11244,1036,2023-04-29,2023-10-18,Electronics,14,1458.33,PAID,Delhi
11245,1071,2023-02-08,2023-07-01,Furniture,7,282.95,PAID,
11246,1126,2023-09-25,2023-09-06,Electronics,7,3359.31,PAID,Mumbai
11247,1105,2023-08-21,2023-04-27,Furniture,8,4320.72,PAID,Chennai
11248,1091,2023-01-18,2023-10-07,Clothing,14,856.37,PAID,
11249,1030,2023-05-29,2024-01-01,Grocery,2,4071.45,PAID,Mumbai
11250,1121,2023-05-29,2023-03-11,Furniture,10,4274.31,PENDING,Chennai
11251,1136,2023-05-06,2023-12-18,Electronics,7,4575.99,PAID,Delhi
11252,1050,2023-10-29,2023-09-12,Electronics,6,1363.16,PAID,Mumbai
11253,1028,2023-12-26,2023-07-01,Clothing,14,4524.57,PAID,Delhi
11254,1039,2023-08-26,2023-11-15,Grocery,-2,1637.28,,
11255,1040,2023-05-15,2023-06-19,Clothing,1,2784.07,FAILED,Mumbai
11256,1010,2023-05-31,2023-11-10,Electronics,1,300.01,PAID,Bangalore
11257,1150,2023-08-24,2023-09-07,Electronics,6,267.21,PAID,Bangalore
11258,1000,2023-08-12,2023-07-08,Electronics,11,3615.85,PAID,Hyderabad
11259,1045,2023-07-22,2023-02-24,Electronics,12,2250.18,PAID,Mumbai
11260,1100,2023-09-13,2023-11-23,Grocery,3,1318.65,PAID,Chennai
11261,1148,2023-03-27,2023-12-24,Furniture,7,992.55,PENDING,Chennai
11262,1089,2023-05-30,2023-11-10,,12,3366.27,PAID,Chennai
11263,1109,2023-08-23,2023-05-19,Furniture,1,51.99,FAILED,
11264,1163,2023-12-11,2023-06-18,Electronics,14,4039.16,PAID,Hyderabad
11265,1181,2023-01-22,2023-04-14,Grocery,9,442.29,FAILED,Mumbai
11266,1056,2023-12-14,2023-03-27,Electronics,4,997.87,PENDING,Bangalore
11267,1000,2023-10-12,2023-11-14,Grocery,13,1961.87,PAID,Delhi
11268,1062,2023-09-26,2023-08-01,Clothing,8,2450.05,PAID,Delhi
11269,1181,2023-09-15,2023-01-04,Electronics,11,1807.23,PAID,Bangalore
11270,1054,2023-01-29,2023-06-29,Electronics,0,1637.53,PAID,Delhi
11271,1114,2023-08-01,2023-12-09,,7,4821.38,PAID,Delhi
11272,1167,2023-10-10,2023-10-31,Grocery,3,3225.82,PAID,
11273,1142,2023-02-19,2023-11-29,Grocery,10,165.99,PAID,Mumbai
11274,1148,2023-04-05,2023-02-08,Electronics,7,2179.37,,
11275,1174,2023-03-29,2023-08-28,Electronics,13,4381.29,PAID,Bangalore
11276,1052,2023-02-13,2023-06-19,Furniture,3,1542.21,,Bangalore
11277,1136,2023-10-05,2023-12-10,Electronics,10,518.05,PAID,Hyderabad
11278,1179,2023-06-20,2023-11-11,Grocery,1,3804.0,PENDING,Delhi
11279,1056,2023-07-08,2023-11-03,Electronics,11,3049.77,PAID,Delhi
11280,1116,2023-12-19,2023-01-31,Grocery,-2,2873.05,PAID,Delhi
11281,1153,2023-07-03,2023-07-10,Electronics,2,315.2,FAILED,Delhi
11282,1168,2023-01-03,2023-12-24,Furniture,5,745.47,PAID,
11283,1034,2023-07-10,2023-01-26,Furniture,9,3131.62,PENDING,Hyderabad
11284,1062,2023-04-28,2023-04-23,Furniture,-1,1078.73,PAID,Mumbai
11285,1024,2023-01-19,2023-07-26,Grocery,9,2545.15,PAID,Mumbai
11286,1089,2023-01-23,2023-07-05,Furniture,2,2747.16,PAID,Delhi
11287,1074,2023-01-30,2023-02-17,Clothing,2,1453.36,PENDING,Mumbai
11288,1037,2023-10-22,2023-08-17,Grocery,10,4744.7,PAID,Bangalore
11289,1129,2023-04-18,2023-02-09,Clothing,6,4220.2,PENDING,Mumbai
11290,1134,2023-10-08,2023-01-17,Electronics,7,3625.75,FAILED,Bangalore
11291,1161,2023-05-08,2023-01-23,Electronics,-2,436.07,PAID,Mumbai
11292,1090,2023-08-17,2023-08-02,Furniture,0,575.34,PAID,Delhi
11293,1016,2023-04-21,2023-11-07,Electronics,9,2489.27,PENDING,Chennai
11294,1127,2023-05-16,2023-05-30,Clothing,0,845.53,PAID,Bangalore
11295,1170,2023-12-28,2023-08-30,Grocery,6,4892.41,PAID,
11296,1186,2023-07-05,2023-09-30,Furniture,-1,834.68,PAID,Hyderabad
11297,1107,2023-05-24,2023-03-01,,0,2462.97,PAID,Delhi
11298,1178,2023-03-13,2023-10-15,Furniture,11,1852.4,PAID,Mumbai
11299,1181,2023-05-09,2023-07-22,Grocery,1,3214.96,PAID,Hyderabad
11300,1151,2023-12-30,2023-02-02,Electronics,10,688.73,PENDING,
11301,1024,2023-09-18,2023-06-12,Grocery,4,2180.07,PAID,Hyderabad
11302,1198,2023-01-03,2023-09-13,Electronics,9,1409.79,PAID,Mumbai
11303,1179,2023-04-14,2023-09-12,Electronics,0,4444.37,,
11304,1197,2023-08-12,2023-01-10,Clothing,6,250.9,PENDING,Delhi
11305,1087,2023-11-16,2023-05-20,Clothing,-1,4572.95,FAILED,Chennai
11306,1160,2023-12-28,2023-01-11,,6,4173.32,PAID,
11307,1176,2023-12-20,2023-08-03,Electronics,9,1522.98,PENDING,Mumbai
11308,1028,2023-01-10,2023-10-01,Grocery,9,3956.99,PAID,
11309,1062,2023-10-29,2023-11-21,Electronics,12,204.51,PAID,Delhi
11310,1149,2023-08-19,2023-02-18,,-1,4835.98,PAID,
11311,1153,2023-08-07,2023-04-22,Furniture,10,2656.64,PAID,Delhi
11312,1155,2023-03-07,2023-06-03,Furniture,11,1551.24,FAILED,
11313,1113,2023-04-22,2023-05-04,,2,1844.79,PAID,Mumbai
11314,1048,2023-01-13,2023-12-24,Clothing,7,378.71,PENDING,Chennai
11315,1198,2023-03-27,2023-04-13,Grocery,9,4947.28,PENDING,Bangalore
11316,1080,2023-08-22,2023-08-30,Grocery,7,244.5,PAID,Bangalore
11317,1083,2023-03-31,2023-11-18,Clothing,8,3291.79,PAID,Mumbai
11318,1104,2023-11-10,2023-07-11,Grocery,-1,2241.54,PAID,Chennai
11319,1176,2023-02-23,2023-08-06,Grocery,2,4747.14,PAID,Mumbai
11320,1147,2023-01-12,2023-02-21,,4,1267.7,PAID,Bangalore
11321,1117,2023-07-28,2023-10-20,,3,2683.83,,Delhi
11322,1085,2023-01-14,2023-03-23,Furniture,0,2437.66,PAID,
11323,1062,2023-05-01,2023-03-30,Furniture,10,3529.19,PAID,Mumbai
11324,1188,2023-01-20,2023-07-14,Clothing,0,386.65,FAILED,Mumbai
11325,1103,2023-03-16,2023-04-15,Electronics,3,1009.26,PAID,Mumbai
11326,1048,2023-08-31,2023-09-29,Electronics,8,1112.1,PENDING,Delhi
11327,1070,2023-08-11,2023-04-07,Clothing,14,3703.85,PAID,Mumbai
11328,1000,2023-03-11,2023-07-18,Furniture,7,986.24,PAID,Bangalore
11329,1140,2023-11-08,2023-01-02,Electronics,9,2888.78,PAID,Hyderabad
11330,1178,2023-07-30,2023-06-17,,14,1115.46,PAID,Chennai
11331,1122,2023-04-11,2023-05-07,Electronics,1,4315.04,PAID,Bangalore
11332,1183,2023-07-05,2023-11-10,Grocery,-1,4713.82,PENDING,Mumbai
11333,1061,2023-05-12,2023-03-23,Clothing,8,2616.54,PAID,Chennai
11334,1031,2023-04-21,2023-09-09,Electronics,4,1793.93,,Mumbai
11335,1157,2023-05-12,2023-06-19,Electronics,-1,1208.59,PAID,Chennai
11336,1028,2023-01-20,2023-03-15,Grocery,1,296.42,PAID,Delhi
11337,1048,2023-01-24,2023-05-22,Furniture,5,1379.08,PAID,Delhi
11338,1172,2023-08-15,2023-03-12,Grocery,11,3288.47,,Delhi
11339,1029,2023-06-03,2023-09-20,Clothing,9,2691.4,PAID,Hyderabad
11340,1143,2023-10-20,2023-12-07,Clothing,8,4723.0,PAID,Mumbai
11341,1167,2023-08-18,2023-11-05,Electronics,5,2011.57,FAILED,Bangalore
11342,1018,2023-11-06,2023-09-03,,-1,3484.62,PAID,Mumbai
11343,1017,2023-12-25,2023-01-04,Electronics,12,2472.15,FAILED,Chennai
11344,1000,2023-07-21,2023-12-04,,6,2587.25,PAID,
11345,1077,2023-02-07,2023-03-05,Clothing,5,1375.48,PENDING,Delhi
11346,1114,2023-09-17,2023-02-19,,2,2302.01,,Bangalore
11347,1174,2023-07-07,2023-03-18,Electronics,8,2380.39,PENDING,
11348,1193,2023-02-26,2024-01-04,Grocery,12,3547.88,PAID,Bangalore
11349,1112,2023-01-20,2023-06-25,Electronics,5,4706.17,PAID,Bangalore
11350,1113,2023-09-30,2023-04-20,Electronics,5,1680.14,,Bangalore
11351,1165,2023-04-29,2023-07-03,Clothing,7,258.89,PAID,Chennai
11352,1178,2023-03-12,2023-07-12,Electronics,4,2506.66,PAID,Mumbai
11353,1062,2023-01-04,2023-03-07,Clothing,6,2745.08,PENDING,Hyderabad
11354,1131,2023-08-09,2023-12-04,Electronics,-2,883.78,PAID,Delhi
11355,1128,2023-01-14,2023-09-29,Grocery,2,3814.3,PAID,Mumbai
11356,1007,2023-01-03,2023-04-11,Furniture,-2,4925.4,PAID,Chennai
11357,1156,2023-08-04,2023-02-02,Grocery,12,4731.58,PAID,Delhi
11358,1054,2023-08-17,2023-12-19,Clothing,13,1025.67,PAID,Mumbai
11359,1102,2023-12-02,2023-05-09,Clothing,4,4383.05,PENDING,Bangalore
11360,1130,2023-07-05,2024-01-05,Furniture,9,3537.24,PAID,Hyderabad
11361,1031,2023-02-24,2023-12-06,Grocery,5,2296.54,FAILED,Hyderabad
11362,1009,2023-09-11,2023-02-13,Clothing,2,2726.02,FAILED,
11363,1109,2023-01-24,2023-03-20,,7,4255.52,PENDING,Hyderabad
11364,1161,2023-06-11,2023-11-11,Furniture,2,2426.67,PAID,Mumbai
11365,1123,2023-06-07,2023-10-17,Grocery,14,1897.38,PENDING,Delhi
11366,1086,2023-03-23,2023-09-28,Clothing,2,2491.58,PAID,Hyderabad
11367,1054,2023-06-08,2023-06-12,Furniture,12,2916.69,PAID,Delhi
11368,1031,2023-07-07,2023-07-09,Clothing,10,985.93,PENDING,Bangalore
11369,1177,2023-03-01,2023-09-05,Electronics,-2,4509.49,PAID,Bangalore
11370,1134,2023-11-01,2023-08-05,Electronics,8,3387.23,,Delhi
11371,1092,2023-11-15,2023-11-12,Furniture,-2,3184.68,PAID,
11372,1007,2023-07-30,2023-12-06,Grocery,8,542.51,PENDING,Bangalore
11373,1064,2023-06-01,2023-06-18,Furniture,13,3040.66,PAID,Bangalore
11374,1056,2023-04-19,2023-12-06,Grocery,10,648.76,,
11375,1066,2023-03-17,2023-07-13,Clothing,4,439.55,PAID,Bangalore
11376,1186,2023-01-30,2023-10-11,Electronics,-2,2660.19,PAID,Mumbai
11377,1071,2023-11-10,2023-12-03,Electronics,13,2043.79,PAID,Bangalore
11378,1053,2023-04-27,2023-01-14,,-2,2964.61,PAID,Hyderabad
11379,1066,2023-12-22,2023-08-29,Furniture,14,491.65,PAID,Chennai
11380,1050,2023-07-11,2023-11-17,Clothing,3,2183.37,PAID,Chennai
11381,1096,2023-01-19,2023-05-28,Grocery,-1,915.19,PAID,Chennai
11382,1091,2023-06-22,2023-07-24,Clothing,14,4936.15,PAID,Delhi
11383,1007,2023-08-16,2023-03-22,Clothing,3,2827.69,PAID,Hyderabad
11384,1161,2023-12-16,2023-02-13,Clothing,11,3452.81,FAILED,Hyderabad
11385,1034,2023-07-02,2023-03-31,Electronics,3,1660.82,PENDING,Mumbai
11386,1095,2023-04-23,2023-05-29,Clothing,7,518.96,PENDING,Mumbai
11387,1087,2023-07-02,2023-04-06,Furniture,6,4880.56,PENDING,
11388,1077,2023-05-26,2023-06-01,,5,1466.98,PAID,Hyderabad
11389,1031,2023-11-15,2023-01-03,Electronics,7,2147.85,PAID,Hyderabad
11390,1119,2023-04-26,2023-01-23,Furniture,14,3266.83,PAID,Hyderabad
11391,1045,2023-04-23,2023-11-10,Clothing,3,172.25,FAILED,Bangalore
11392,1143,2023-09-08,2023-11-25,Grocery,11,4060.78,,Bangalore
11393,1195,2023-09-08,2023-01-08,Electronics,3,2706.06,PAID,Bangalore
11394,1164,2023-10-30,2023-07-26,Grocery,4,1427.18,PAID,Mumbai
11395,1181,2023-11-09,2023-04-25,Grocery,9,354.96,PAID,Chennai
11396,1141,2023-04-28,2023-09-30,Grocery,0,854.37,PAID,Bangalore
11397,1054,2023-10-28,2023-03-25,Furniture,11,4480.42,PAID,Bangalore
11398,1175,2023-06-10,2023-06-29,Furniture,13,3445.82,PAID,Bangalore
11399,1006,2023-07-17,2023-07-30,Clothing,4,1287.01,,Bangalore
11400,1073,2023-09-17,2023-11-25,,5,374.72,PAID,Mumbai
11401,1006,2023-05-28,2023-05-05,Grocery,10,3468.55,,Delhi
11402,1160,2023-08-28,2023-04-24,Electronics,6,2883.42,PENDING,Mumbai
11403,1150,2023-02-16,2023-01-13,Clothing,7,2052.37,PENDING,Mumbai
11404,1084,2023-07-17,2023-05-07,Electronics,6,1849.88,PENDING,
11405,1146,2023-02-16,2023-02-23,Grocery,12,1123.23,PENDING,Mumbai
11406,1111,2023-03-19,2023-11-28,Electronics,-1,3364.58,PENDING,Delhi
11407,1124,2023-05-04,2023-10-11,Electronics,10,4854.81,PENDING,Bangalore
11408,1146,2023-03-16,2023-05-21,Furniture,-1,919.79,PAID,Bangalore
11409,1035,2023-12-25,2023-04-08,Grocery,-1,3005.73,,Mumbai
11410,1028,2023-05-17,2023-01-06,Grocery,0,2149.72,PENDING,Chennai
11411,1187,2023-03-31,2023-02-27,Electronics,3,2261.11,PENDING,Chennai
11412,1081,2023-11-21,2023-12-01,Clothing,0,1308.03,FAILED,Mumbai
11413,1001,2023-03-02,2023-03-11,Grocery,7,4134.42,PAID,Delhi
11414,1128,2023-05-18,2023-04-29,Furniture,3,2452.02,PAID,
11415,1046,2023-02-19,2023-03-01,Grocery,13,2739.86,PAID,Hyderabad
11416,1196,2023-09-16,2023-02-03,Electronics,14,1558.57,PAID,Chennai
11417,1147,2023-04-17,2023-11-15,Clothing,0,949.95,FAILED,Mumbai
11418,1010,2023-04-23,2023-02-20,Electronics,4,475.26,PAID,Delhi
11419,1129,2023-12-16,2024-01-04,Grocery,6,3584.89,PAID,Bangalore
11420,1194,2023-09-11,2023-01-20,Grocery,9,1021.36,PAID,Mumbai
11421,1118,2023-04-28,2023-08-03,,2,3465.87,PAID,Delhi
11422,1139,2023-07-17,2023-07-17,Electronics,0,1982.36,PENDING,Bangalore
11423,1019,2023-12-03,2023-02-17,Clothing,8,2108.09,FAILED,Delhi
11424,1004,2023-12-31,2023-06-17,Electronics,1,2372.43,PAID,Chennai
11425,1036,2023-02-20,2023-10-17,Grocery,2,1870.16,PAID,Hyderabad
11426,1165,2023-09-02,2023-05-22,Grocery,-2,548.07,PAID,Delhi
11427,1136,2023-02-04,2023-03-26,,9,1582.68,PAID,Hyderabad
11428,1052,2023-10-29,2023-07-02,Electronics,10,3335.49,PAID,Mumbai
11429,1171,2023-03-10,2023-03-21,Electronics,6,3345.63,,Hyderabad
11430,1098,2023-12-15,2023-08-04,Grocery,-1,1466.81,PAID,Mumbai
11431,1085,2023-11-16,2023-01-15,Electronics,2,2327.51,PAID,Mumbai
11432,1107,2023-02-18,2023-08-04,Electronics,10,1007.56,PAID,Bangalore
11433,1023,2023-03-15,2023-05-09,Clothing,13,1091.34,PENDING,Bangalore
11434,1080,2023-07-11,2023-11-07,Electronics,13,164.08,PENDING,
11435,1157,2023-09-18,2023-09-06,Electronics,0,4488.9,PENDING,Delhi
11436,1119,2023-12-22,2023-01-30,Furniture,1,1093.0,PAID,Delhi
11437,1058,2023-03-11,2023-10-08,Grocery,8,1176.29,FAILED,Bangalore
11438,1127,2023-03-31,2023-12-05,Electronics,11,1434.03,PAID,Bangalore
11439,1113,2023-09-17,2023-11-16,Grocery,0,680.67,PAID,Delhi
11440,1114,2023-05-06,2023-07-22,Clothing,13,3214.35,PAID,Chennai
11441,1013,2023-08-19,2023-12-28,Grocery,12,421.96,PAID,Chennai
11442,1008,2023-10-22,2023-02-27,Grocery,7,714.3,FAILED,Hyderabad
11443,1039,2023-05-09,2023-08-07,Electronics,6,3241.55,,
11444,1193,2023-10-07,2023-03-04,Clothing,8,1731.32,PAID,Delhi
11445,1024,2023-11-09,2023-06-07,Grocery,13,3554.34,FAILED,Chennai
11446,1102,2023-04-10,2023-07-22,Clothing,7,2809.25,PENDING,Delhi
11447,1021,2023-11-22,2023-01-18,Furniture,14,1317.3,,Chennai
11448,1003,2023-10-24,2023-11-19,Clothing,-1,3271.6,PAID,Bangalore
11449,1153,2023-07-01,2023-01-07,Grocery,-1,625.55,PAID,
11450,1185,2023-06-23,2023-02-28,Grocery,3,2705.23,PAID,Chennai
11451,1028,2023-11-12,2023-11-22,Grocery,5,2213.88,FAILED,
11452,1108,2023-12-30,2023-11-15,Electronics,0,1375.97,PAID,Hyderabad
11453,1097,2023-07-07,2023-06-19,Electronics,11,3039.82,PAID,
11454,1036,2023-02-26,2023-03-24,Furniture,13,4363.1,PAID,Hyderabad
11455,1074,2023-01-31,2023-08-08,Grocery,-2,4994.58,PAID,Bangalore
11456,1069,2023-03-25,2023-06-27,Grocery,0,3058.43,PENDING,Delhi
11457,1145,2023-06-01,2023-07-24,Clothing,6,2053.29,FAILED,Delhi
11458,1127,2023-02-05,2023-03-13,Clothing,3,1164.78,PENDING,Mumbai
11459,1084,2023-08-01,2023-09-24,Electronics,-2,1322.63,FAILED,Bangalore
11460,1041,2023-12-30,2023-04-09,Furniture,7,2423.3,PAID,Bangalore
11461,1099,2023-04-16,2023-12-12,Electronics,3,1868.02,PAID,Bangalore
11462,1040,2023-12-08,2023-10-19,Furniture,9,4573.38,PAID,
11463,1165,2023-08-08,2023-07-28,Furniture,1,1873.06,PAID,
11464,1033,2023-06-12,2023-01-03,Furniture,10,1898.55,PAID,Mumbai
11465,1016,2023-08-08,2023-05-05,Clothing,14,1948.5,PENDING,Delhi
11466,1164,2023-09-27,2023-10-08,Electronics,5,4191.27,PAID,Delhi
11467,1152,2023-04-30,2023-03-16,Grocery,0,3271.4,PENDING,Delhi
11468,1121,2023-12-02,2023-06-16,Clothing,9,3090.14,PAID,Chennai
11469,1075,2023-07-01,2023-01-23,Grocery,4,1704.01,PAID,Bangalore
11470,1086,2023-04-16,2023-06-04,Furniture,9,4098.63,PAID,Bangalore
11471,1116,2023-08-05,2023-10-23,Grocery,-1,239.9,PAID,Hyderabad
11472,1105,2023-07-24,2023-08-08,Grocery,11,4360.45,PAID,Hyderabad
11473,1085,2023-03-11,2023-06-07,Grocery,2,2588.11,PAID,Mumbai
11474,1026,2023-02-13,2023-08-19,Grocery,6,2021.34,PAID,Chennai
11475,1056,2023-11-25,2023-01-21,Clothing,8,2510.98,PAID,Delhi
11476,1030,2023-10-28,2023-02-11,Furniture,2,3353.71,PAID,Delhi
11477,1133,2023-08-16,2023-05-29,Clothing,0,113.19,PENDING,Mumbai
11478,1167,2023-07-03,2023-04-19,Furniture,14,4364.18,PENDING,Bangalore
11479,1097,2023-04-17,2023-03-26,Furniture,-1,2261.36,PAID,Delhi
11480,1011,2023-03-25,2024-01-03,Furniture,-2,1747.68,PENDING,Delhi
11481,1052,2023-12-04,2023-11-19,Electronics,4,734.32,PENDING,Chennai
11482,1198,2023-09-07,2023-11-06,Furniture,11,2225.35,PENDING,Chennai
11483,1137,2023-12-29,2023-10-18,Electronics,2,2506.8,PAID,Mumbai
11484,1172,2023-01-21,2023-11-20,Electronics,8,2048.05,PAID,Mumbai
11485,1144,2023-07-15,2023-05-15,Clothing,-1,3409.37,PENDING,Hyderabad
11486,1153,2023-06-27,2023-07-27,Grocery,5,2133.44,PAID,Mumbai
11487,1189,2023-01-07,2023-10-11,Electronics,6,4809.02,,
11488,1121,2023-03-11,2023-09-24,Electronics,0,3016.42,FAILED,Bangalore
11489,1045,2023-05-07,2023-03-15,Electronics,-1,4047.02,PAID,Delhi
11490,1063,2023-06-09,2023-12-19,,4,591.31,PAID,Mumbai
11491,1129,2023-09-05,2023-02-18,Electronics,2,2016.59,PAID,Mumbai
11492,1053,2023-07-22,2023-11-23,Electronics,2,1717.4,PAID,Mumbai
11493,1106,2023-05-28,2023-08-22,Grocery,10,2868.94,PAID,Mumbai
11494,1192,2023-05-23,2023-04-11,Grocery,3,4312.51,PAID,Bangalore
11495,1050,2023-07-18,2023-03-01,,-1,437.77,PAID,Mumbai
11496,1180,2023-06-03,2023-09-16,Electronics,3,409.25,PAID,Bangalore
11497,1035,2023-05-22,2023-03-07,Clothing,6,4259.07,,Bangalore
11498,1114,2023-11-09,2023-03-25,Clothing,0,1103.61,PAID,Delhi
11499,1025,2023-06-14,2023-06-04,,-2,3360.33,,Mumbai
11500,1028,2023-11-10,2023-09-24,Clothing,-2,2737.25,,Mumbai
